Spanish_Lemma,English_Lemma,Chinese_Lemma,POS
capa,layer,层,NOUN
capturar,capture,捕获,VERB
carbón,coal,煤,NOUN
caridad,charity,慈善,NOUN
caza,hunting,狩猎,NOUN
cazador,hunter,猎人,NOUN
cazar,to hunt,打猎,VERB
celos,jealousy,嫉妒,NOUN
cementerio,cemetery,墓地,NOUN
ceremonia,ceremony,仪式,NOUN
cerradura,lock,锁,NOUN
certificado,certificate,证书,NOUN
chaval,kid,小孩,NOUN
chimenea,fireplace,壁炉,NOUN
choque,crash,碰撞,NOUN
cicatriz,scar,伤疤,NOUN
cierre,closure,关闭,NOUN
cima,summit,顶峰,NOUN
cirujano,surgeon,外科医生,NOUN
civilización,civilization,文明,NOUN
claridad,clarity,清晰,NOUN
cobertura,coverage,覆盖范围,NOUN
cojo,lame,跛脚的,ADJ
columna,column,柱子,NOUN
coma,comma,逗号,NOUN
comando,command,命令,NOUN
combinación,combination,组合,NOUN
combustible,fuel,燃料,NOUN
comercial,commercial,商业的,ADJ
comercio,trade,贸易,NOUN
comisaría,police station,警察局,NOUN
comisión,commission,委员会,NOUN
comité,committee,委员会,NOUN
compasión,compassion,同情,NOUN
competencia,competition,竞争,NOUN
complejo,complex,复杂的,ADJ
concentración,concentration,集中,NOUN
concepto,concept,概念,NOUN
conclusión,conclusion,结论,NOUN
concreto,concrete,具体的,ADJ
condena,sentence,判决,NOUN
condenado,condemned,被定罪的,ADJ
conducta,behavior,行为,NOUN
conferencia,conference,会议,NOUN
confesar,to confess,承认,VERB
confesión,confession,忏悔,NOUN
confidencial,confidential,机密的,ADJ
conflicto,conflict,冲突,NOUN
confusión,confusion,混乱,NOUN
confuso,confused,困惑的,ADJ
congreso,congress,国会,NOUN
conjunto,set,一套,NOUN
consciente,conscious,有意识的,ADJ
conservar,to preserve,保存,VERB
conspiración,conspiracy,阴谋,NOUN
constante,constant,持续的,ADJ
construcción,construction,建筑,NOUN
consuelo,consolation,安慰,NOUN
convencer,to convince,说服,VERB
conveniente,convenient,方便的,ADJ
coraje,courage,勇气,NOUN
coro,choir,合唱团,NOUN
cortesía,courtesy,礼貌,NOUN
cosecha,harvest,收获,NOUN
costado,side,侧面,NOUN
creación,creation,创造,NOUN
crecimiento,growth,增长,NOUN
criada,maid,女仆,NOUN
criado,servant,仆人,NOUN
criar,to raise,抚养,VERB
crimen,crime,犯罪,NOUN
cráneo,skull,头骨,NOUN
crítica,criticism,批评,NOUN
crítico,critical,关键的,ADJ
cubierta,cover,封面,NOUN
culpar,to blame,责备,VERB
cumplido,compliment,赞美,NOUN
custodia,custody,监护,NOUN
cómplice,accomplice,同谋,NOUN
debilidad,weakness,弱点,NOUN
decente,decent,体面的,ADJ
declarar,to declare,声明,VERB
delicado,delicate,精致的,ADJ
delincuente,delinquent,罪犯,NOUN
delito,crime,罪行,NOUN
demanda,lawsuit,需求,NOUN
denuncia,report,举报,NOUN
depresión,depression,抑郁,NOUN
derrota,defeat,失败,NOUN
desafío,challenge,挑战,NOUN
desaparición,disappearance,失踪,NOUN
descubrimiento,discovery,发现,NOUN
desesperado,desperate,绝望的,ADJ
desfile,parade,游行,NOUN
desgraciado,unfortunate,不幸的,ADJ
desorden,disorder,混乱,NOUN
destrucción,destruction,破坏,NOUN
determinar,to determine,确定,VERB
deuda,debt,债务,NOUN
diagnóstico,diagnosis,诊断,NOUN
dignidad,dignity,尊严,NOUN
digno,worthy,值得的,ADJ
disfraz,disguise,伪装,NOUN
disposición,disposal,安排,NOUN
distrito,district,区,NOUN
división,division,分裂,NOUN
doloroso,painful,痛苦的,ADJ
duelo,grief,悲痛,NOUN
década,decade,十年,NOUN
ebrio,drunk,醉的,ADJ
economía,economy,经济,NOUN
edición,edition,版本,NOUN
elemento,element,元素,NOUN
embajada,embassy,大使馆,NOUN
embajador,ambassador,大使,NOUN
embarazo,pregnancy,怀孕,NOUN
emocional,emotional,情感的,ADJ
emperador,emperor,皇帝,NOUN
enano,dwarf,矮人,NOUN
encanto,charm,魅力,NOUN
encendido,ignition,点火,NOUN
enfermería,infirmary,医务室,NOUN
enfrentar,to face,面对,VERB
engañar,to deceive,欺骗,VERB
engaño,deception,欺骗,NOUN
enlace,link,链接,NOUN
ensayo,essay,文章,NOUN
enterado,aware,知情的,ADJ
enterrar,to bury,埋葬,VERB
entrega,delivery,交付,NOUN
entregado,devoted,奉献的,ADJ
envidia,envy,嫉妒,NOUN
envío,shipment,发送,NOUN
equilibrio,balance,平衡,NOUN
escala,stopover,中途停留,NOUN
esclavo,slave,奴隶,NOUN
escondite,hideout,藏身处,NOUN
escuadrón,squadron,中队,NOUN
escudo,shield,盾牌,NOUN
escándalo,scandal,丑闻,NOUN
esencia,essence,本质,NOUN
esencial,essential,基本的,ADJ
espacial,spatial,空间的,ADJ
espantoso,frightful,可怕的,ADJ
especialista,specialist,专家,NOUN
específico,specific,具体的,ADJ
espía,spy,间谍,NOUN
estable,stable,稳定的,ADJ
establecer,to establish,建立,VERB
estallar,to explode,爆发,VERB
estatal,state,国家的,ADJ
estatua,statue,雕像,NOUN
estrategia,strategy,策略,NOUN
estructura,structure,结构,NOUN
estupidez,stupidity,愚蠢,NOUN
etapa,stage,阶段,NOUN
eternidad,eternity,永恒,NOUN
evaluación,evaluation,评估,NOUN
evidencia,evidence,证据,NOUN
evidente,evident,明显的,ADJ
excelencia,excellence,卓越,NOUN
existencia,existence,存在,NOUN
expediente,file,档案,NOUN
experimento,experiment,实验,NOUN
explotar,to exploit,剥削,VERB
exposición,exhibition,展览,NOUN
extraordinario,extraordinary,非凡的,ADJ
extremo,extreme,极端的,ADJ
facultad,faculty,学院,NOUN
falla,fault,缺陷,NOUN
fallo,verdict,判决,NOUN
fama,fame,名声,NOUN
fascinante,fascinating,迷人的,ADJ
fenómeno,phenomenon,现象,NOUN
fianza,bail,保证金,NOUN
ficción,fiction,小说,NOUN
fingir,pretend,假装,VERB
flota,fleet,舰队,NOUN
formación,training,培训,NOUN
fortaleza,strength,力量,NOUN
fracasado,failed,失败的,ADJ
fracaso,failure,失败,NOUN
fraude,fraud,欺诈,NOUN
frecuencia,frequency,频率,NOUN
fuga,escape,逃跑,NOUN
galaxia,galaxy,星系,NOUN
galería,gallery,画廊,NOUN
garantía,guarantee,保证,NOUN
gatillo,trigger,扳机,NOUN
generación,generation,一代,NOUN
gesto,gesture,手势,NOUN
gira,tour,巡回演出,NOUN
giro,turn,转弯,NOUN
gloria,glory,荣耀,NOUN
gobernador,governor,州长,NOUN
grabación,recording,录音,NOUN
grandioso,grand,宏伟的,ADJ
granero,barn,谷仓,NOUN
grano,grain,谷物,NOUN
gravedad,gravity,重力,NOUN
griterío,clamor,喧闹,NOUN
guardaespaldas,bodyguard,保镖,NOUN
guerrero,warrior,战士,NOUN
guión,script,剧本,NOUN
habilidad,skill,技能,NOUN
hechizo,spell,咒语,NOUN
heredero,heir,继承人,NOUN
herencia,inheritance,遗产,NOUN
heroína,heroine,女英雄,NOUN
historial,record,记录,NOUN
homicidio,homicide,杀人罪,NOUN
huelga,strike,罢工,NOUN
huella,footprint,脚印,NOUN
humilde,humble,谦虚的,ADJ
identificación,identification,身份证明,NOUN
impedir,prevent,阻止,VERB
imperio,empire,帝国,NOUN
impresión,impression,印象,NOUN
impulso,impulse,冲动,NOUN
incapaz,incapable,无能的,ADJ
incidente,incident,事件,NOUN
inconsciente,unconscious,无意识的,ADJ
individuo,individual,个人,NOUN
industria,industry,工业,NOUN
infancia,childhood,童年,NOUN
infantil,childish,幼稚的,ADJ
infección,infection,感染,NOUN
infierno,hell,地狱,NOUN
influencia,influence,影响,NOUN
inicial,initial,最初的,ADJ
inmunidad,immunity,免疫,NOUN
inocencia,innocence,无辜,NOUN
inspiración,inspiration,灵感,NOUN
instalación,installation,安装,NOUN
instante,moment,瞬间,NOUN
instinto,instinct,本能,NOUN
intenso,intense,强烈的,ADJ
intercambio,exchange,交流,NOUN
interno,internal,内部的,ADJ
interrogatorio,interrogation,审问,NOUN
interrumpir,interrupt,打断,VERB
inusual,unusual,不寻常的,ADJ
invasión,invasion,入侵,NOUN
inversión,investment,投资,NOUN
investigador,investigator,研究员,NOUN
inyección,injection,注射,NOUN
jugada,move,招数,NOUN
juramento,oath,誓言,NOUN
juventud,youth,青年,NOUN
juzgado,court,法院,NOUN
juzgar,judge,审判,VERB
lanza,spear,长矛,NOUN
lanzamiento,launch,发射,NOUN
lealtad,loyalty,忠诚,NOUN
legado,legacy,遗产,NOUN
leyenda,legend,传说,NOUN
liberación,liberation,解放,NOUN
liberar,free,释放,VERB
lidiar,deal,应对,VERB
ligero,light,轻的,ADJ
localizar,locate,定位,VERB
logrado,achieved,已实现的,ADJ
logro,achievement,成就,NOUN
lujo,luxury,奢侈,NOUN
lógica,logic,逻辑,NOUN
magnífico,magnificent,极好的,ADJ
maldito,cursed,该死的,ADJ
mansión,mansion,豪宅,NOUN
mantenimiento,maintenance,维护,NOUN
margen,margin,边缘,NOUN
masa,dough,面团,NOUN
mercancía,goods,商品,NOUN
ministro,minister,部长,NOUN
miseria,misery,贫困,NOUN
muelle,dock,码头,NOUN
nación,nation,国家,NOUN
negociar,to negotiate,谈判,VERB
novedad,novelty,新奇事物,NOUN
ocultar,to hide,隐藏,VERB
oficialmente,officially,正式地,ADV
operar,to operate,操作,VERB
pasaje,passage,通道,NOUN
pasión,passion,激情,NOUN
patrulla,patrol,巡逻,NOUN
patrón,pattern,图案,NOUN
pecado,sin,罪,NOUN
pendiente,pending,待定的,ADJ
permanecer,to remain,保持; 停留,VERB
petróleo,oil,石油,NOUN
pico,peak,山峰; 鸟嘴,NOUN
posesión,possession,占有; 财产,NOUN
potencia,power,力量; 功率,NOUN
precisamente,precisely,确切地; 正好,ADV
preso,prisoner,囚犯,NOUN
prioridad,priority,优先权; 重点,NOUN
prisionero,prisoner,囚犯,NOUN
procedimiento,procedure,程序; 手续,NOUN
progreso,progress,进步; 进展,NOUN
propietario,owner,所有者; 业主,NOUN
propuesta,proposal,提议; 建议,NOUN
protocolo,protocol,协议; 礼仪,NOUN
pulso,pulse,脉搏,NOUN
reacción,reaction,反应,NOUN
rebelde,rebellious,叛逆的,ADJ
recompensa,reward,奖励,NOUN
recuperación,recovery,恢复,NOUN
refugio,shelter,避难所,NOUN
rehén,hostage,人质,NOUN
remedio,remedy,补救措施,NOUN
renunciar,to resign,辞职,VERB
rescate,rescue,营救,NOUN
resistencia,resistance,抵抗,NOUN
resistir,to resist,抵抗,VERB
retirar,to withdraw,撤回,VERB
ronda,round,轮次,NOUN
rumbo,course,航向,NOUN
sabio,wise,明智的,ADJ
sacerdote,priest,神父,NOUN
sagrado,sacred,神圣的,ADJ
secuestro,kidnapping,绑架,NOUN
sentencia,sentence,判决,NOUN
soledad,loneliness,孤独,NOUN
sospecha,suspicion,怀疑,NOUN
sufrimiento,suffering,痛苦,NOUN
suicida,suicidal,自杀的,ADJ
suicidio,suicide,自杀,NOUN
superar,to overcome,克服,VERB
superficie,surface,表面,NOUN
tabaco,tobacco,烟草,NOUN
tanque,tank,坦克,NOUN
temor,fear,恐惧,NOUN
tensión,tension,紧张,NOUN
terapia,therapy,治疗,NOUN
territorio,territory,领土,NOUN
testimonio,testimony,证词,NOUN
tiroteo,shootout,枪战,NOUN
tragedia,tragedy,悲剧,NOUN
traición,betrayal,背叛,NOUN
tribu,tribe,部落,NOUN
tribunal,court,法庭,NOUN
técnica,technique,技术,NOUN
término,term,术语,NOUN
vencer,defeat,击败,VERB
veneno,poison,毒药,NOUN
veredicto,verdict,裁决,NOUN
virgen,virgin,处女,NOUN
víctima,victim,受害者,NOUN
vínculo,bond,纽带,NOUN
invadir,to invade,入侵,VERB
criticar,to criticize,批评,VERB
lamentar,to regret,遗憾,VERB
degustar,to taste,品尝,VERB
batir,to beat,搅打,VERB
tejer,to knit,编织,VERB
bordar,to embroider,刺绣,VERB
desatar,to untie,解开,VERB
desenvolver,to unwrap,拆开,VERB
acelerar,to accelerate,加速,VERB
atropellar,to run over,撞倒,VERB
resbalar,to slip,滑倒,VERB
tropezar,to stumble,绊倒,VERB
emprender,to undertake,着手,VERB
aplazar,to postpone,推迟,VERB
festejar,to celebrate,庆祝,VERB
depositar,to deposit,存放,VERB
repentino,sudden,突然的,ADJ
abogado,lawyer,律师,NOUN
acariciar,to caress,抚摸,VERB
acostumbrar,to accustom,使习惯,VERB
acostumbrarse,to get used to,习惯于,VERB
acusar,to accuse,指控,VERB
adaptar,to adapt,适应,VERB
adoptar,to adopt,收养,VERB
adorno,adornment,装饰,NOUN
advertir,to warn,警告,VERB
afectar,to affect,影响,VERB
afirmar,to affirm,断言,VERB
agotar,to exhaust,耗尽,VERB
agresivo,aggressive,侵略的,ADJ
aislar,to isolate,隔离,VERB
ajustar,to adjust,调整,VERB
alimento,food,食物,NOUN
aliviar,to relieve,缓解,VERB
alojamiento,accommodation,住宿,NOUN
alojar,to accommodate,提供住宿,VERB
alterar,to alter,改变,VERB
amargo,bitter,苦的,ADJ
amenazar,to threaten,威胁,VERB
ampliar,to expand,扩大,VERB
amplio,wide,宽阔的,ADJ
analizar,to analyze,分析,VERB
aparición,appearance,出现,NOUN
apertura,opening,开放,NOUN
aprendizaje,learning,学习,NOUN
apresurarse,to hurry,赶紧,VERB
arrastrar,to drag,拖,VERB
arrepentirse,to regret,后悔,VERB
atento,attentive,专注的,ADJ
atraer,to attract,吸引,VERB
atrevido,daring,大胆的,ADJ
ausente,absent,缺席的,ADJ
bacteria,bacterium,细菌,NOUN
barbaridad,barbarity,残暴,NOUN
barrera,barrier,障碍,NOUN
basar,to base,以...为基础,VERB
basarse,to be based on,基于,VERB
bastón,cane,手杖,NOUN
bucear,to dive,潜水,VERB
caluroso,warm,温暖的,ADJ
calvo,bald,秃头的,ADJ
cariñoso,affectionate,深情的,ADJ
casero,homemade,自制的,ADJ
categoría,category,类别,NOUN
catálogo,catalog,目录,NOUN
cerámica,ceramics,陶瓷,NOUN
ciclo,cycle,周期,NOUN
citar,to cite,引用,VERB
clasificación,classification,分类,NOUN
clasificar,to classify,分类,VERB
coincidir,to coincide,一致,VERB
colaboración,collaboration,合作,NOUN
colaborar,to collaborate,合作,VERB
colorido,colorful,色彩鲜艳的,ADJ
composición,composition,作文,NOUN
concentrar,to concentrate,集中,VERB
condenar,to condemn,谴责,VERB
confirmación,confirmation,确认,NOUN
confortable,comfortable,舒适的,ADJ
consejero,advisor,顾问,NOUN
consentir,to consent,同意,VERB
consolar,to console,安慰,VERB
consumir,to consume,消耗,VERB
contagiar,to infect,传染,VERB
contaminación,pollution,污染,NOUN
contaminar,to pollute,污染,VERB
correspondencia,correspondence,通信,NOUN
cortés,polite,有礼貌的,ADJ
costoso,expensive,昂贵的,ADJ
creencia,belief,信念,NOUN
crucero,cruise,游轮,NOUN
cuidadoso,careful,小心的,ADJ
cultivar,to cultivate,耕种,VERB
cultivo,cultivation,耕作,NOUN
cumbre,summit,顶峰,NOUN
cálculo,calculation,计算,NOUN
célula,cell,细胞,NOUN
cómico,comic,喜剧的,ADJ
debatir,to debate,辩论,VERB
decepcionante,disappointing,令人失望的,ADJ
decepcionar,to disappoint,使失望,VERB
declararse,to declare oneself,表明立场,VERB
defecto,defect,缺陷,NOUN
demostración,demonstration,演示,NOUN
desesperación,despair,绝望,NOUN
documental,documentary,纪录片的,ADJ
dorado,golden,金色的,ADJ
enfrentarse,to confront,面对,VERB
enterar,to inform,通知,VERB
entorno,environment,环境,NOUN
entusiasmo,enthusiasm,热情,NOUN
extraterrestre,extraterrestrial,外星人的,ADJ
finanzas,finances,财务,NOUN
frágil,fragile,脆弱的,ADJ
fórmula,formula,公式,NOUN
generalmente,generally,通常,ADV
género,genre,类型,NOUN
inesperado,unexpected,意外的,ADJ
insoportable,unbearable,难以忍受的,ADJ
insulto,insult,侮辱,NOUN
lejano,distant,遥远的,ADJ
lesión,injury,伤害,NOUN
lote,lot,一批,NOUN
mérito,merit,优点,NOUN
optimista,optimistic,乐观的,ADJ
perseguir,to chase,追逐,VERB
probabilidad,probability,概率,NOUN
provocar,to provoke,引起,VERB
rechazar,to reject,拒绝,VERB
rescatar,to rescue,营救,VERB
respaldo,support,支持,NOUN
ruina,ruin,废墟,NOUN
satisfacción,satisfaction,满意,NOUN
sustancia,substance,物质,NOUN
triunfo,triumph,胜利,NOUN
ídolo,idol,偶像,NOUN
adicción,addiction,成瘾,NOUN
aduana,customs,海关,NOUN
aflojar,to loosen,放松,VERB
ahogar,to drown,淹死,VERB
aislamiento,isolation,隔离,NOUN
alabar,to praise,赞扬,VERB
albergue,shelter,庇护所,NOUN
alentar,to encourage,鼓励,VERB
aliado,ally,盟友,NOUN
almacenar,to store,储存,VERB
alumbrar,to illuminate,照亮,VERB
ambición,ambition,野心,NOUN
ampliación,expansion,扩建,NOUN
angustia,anguish,痛苦,NOUN
antemano,beforehand,预先,ADV
antojo,craving,渴望,NOUN
aparentar,to pretend,假装,VERB
apresurar,to hurry,加快,VERB
arañar,to scratch,抓,VERB
arrepentimiento,regret,后悔,NOUN
artefacto,device,装置,NOUN
asaltar,to assault,袭击,VERB
aspirante,applicant,申请人,NOUN
atascar,to jam,堵塞,VERB
ateo,atheist,无神论者,NOUN
atrasado,late,落后的,ADJ
averiarse,to break down,发生故障,VERB
balancear,to swing,摇摆,VERB
blanquear,to whiten,使变白,VERB
borrachera,drunkenness,醉酒,NOUN
calambre,cramp,抽筋,NOUN
capricho,whim,奇想,NOUN
carcajada,guffaw,哄堂大笑,NOUN
chatarra,scrap,废料,NOUN
chisme,gossip,流言蜚语,NOUN
chismoso,gossipy,爱传流言的,ADJ
chispa,spark,火花,NOUN
chorro,jet,喷射,NOUN
choza,hut,茅屋,NOUN
cobardía,cowardice,懦弱,NOUN
cojear,to limp,跛行,VERB
coleccionista,collector,收藏家,NOUN
colectar,to collect,收集,VERB
columpiar,to swing,使摇摆,VERB
columpiarse,to swing,荡秋千,VERB
compadre,godfather,教父,NOUN
compatriota,compatriot,同胞,NOUN
consentido,spoiled,被宠坏的,ADJ
conserje,janitor,看门人,NOUN
consulado,consulate,领事馆,NOUN
contagio,contagion,传染,NOUN
convención,convention,惯例,NOUN
convento,convent,修道院,NOUN
conversión,conversion,转换,NOUN
coronar,to crown,加冕,VERB
corteza,bark,树皮,NOUN
cosechar,to harvest,收获,VERB
crueldad,cruelty,残忍,NOUN
cuota,quota,配额,NOUN
cursar,to take a course,修读,VERB
cédula,ID card,身份证,NOUN
dardo,dart,飞镖,NOUN
datar,to date,注明日期,VERB
decencia,decency,体面,NOUN
desperdicio,waste,浪费,NOUN
entierro,burial,葬礼,NOUN
expedición,expedition,探险,NOUN
furia,fury,狂怒,NOUN
gratitud,gratitude,感激,NOUN
inspección,inspection,检查,NOUN
intimidad,intimacy,亲密,NOUN
provecho,benefit,利益,NOUN
puñetazo,punch,拳击,NOUN
retirada,withdrawal,撤退,NOUN
subasta,auction,拍卖,NOUN
táctica,tactic,战术,NOUN
orar,to pray,祈祷,VERB
ajetreado,busy,忙碌的,ADJ
ajetreo,bustle,忙乱,NOUN
angosto,narrow,狭窄的,ADJ
aprieto,predicament,困境,NOUN
apéndice,appendix,附录,NOUN
atareado,busy,忙碌的,ADJ
balazo,gunshot,枪击,NOUN
confitería,candy shop,糖果店,NOUN
cuchillada,knife wound,刀伤,NOUN
chapotear,to splash,扑腾,VERB
evaluar,to evaluate,评估,VERB
introducir,to introduce,介绍,VERB
inundar,to flood,淹没,VERB
