German_Lemma,English_Lemma,Chinese_Lemma,POS
abends,in the evening,在晚上,ADV
abgeben,to hand in,提交,VERB
Abmachung,arrangement,协议,NOUN
abnehmen,to lose weight,减肥,VERB
absagen,to cancel,取消,VERB
Adler,eagle,鹰,NOUN
Aktion,action,行动,NOUN
aktiv,active,活跃的,ADJ
Aktivität,activity,活动,NOUN
albern,silly,傻的,ADJ
Albtraum,nightmare,噩梦,NOUN
Allee,avenue,大道,NOUN
amerikanisch,American,美国的,ADJ
anhaben,to wear,穿着,VERB
anhören,to listen to,倾听,VERB
anschauen,to watch,观看,VERB
anstrengend,exhausting,累人的,ADJ
anzünden,to ignite,点燃,VERB
Arbeitgeber,employer,雇主,NOUN
Arbeitsplatz,workplace,工作岗位,NOUN
Arschloch,asshole,混蛋,NOUN
Asche,ashes,灰烬,NOUN
aufschreiben,to write down,记下,VERB
aufwachsen,to grow up,长大,VERB
Aufzug,elevator,电梯,NOUN
Ausbildung,training,培训,NOUN
ausdenken,to think up,构思,VERB
Ausflug,excursion,郊游,NOUN
Ausgang,exit,出口,NOUN
Ausland,abroad,国外,NOUN
ausrechnen,to calculate,算出,VERB
außen,outside,外面,ADV
aussteigen,to get off,下车,VERB
aussuchen,to pick out,挑选,VERB
ausziehen,to move out,搬出,VERB
Bach,brook,小溪,NOUN
baden,to bathe,洗澡,VERB
Balkon,balcony,阳台,NOUN
Bauernhof,farm,农场,NOUN
Becher,cup,杯子,NOUN
bedanken,to thank,感谢,VERB
bedecken,to cover,覆盖,VERB
Befehl,command,命令,NOUN
Beginn,beginning,开始,NOUN
beißen,to bite,咬,VERB
beliebt,popular,受欢迎的,ADJ
Bellen,barking,吠叫,NOUN
bequem,comfortable,舒适的,ADJ
berühmt,famous,著名的,ADJ
Berührung,touch,接触,NOUN
bescheuert,stupid,愚蠢的,ADJ
besetzt,occupied,被占用的,ADJ
besoffen,drunk,醉的,ADJ
besser,better,更好的,ADJ
bestimmt,certain,特定的,ADJ
beugen,to bend,弯曲,VERB
billig,cheap,便宜的,ADJ
Blatt,leaf,叶子,NOUN
bluten,to bleed,流血,VERB
Blödmann,fool,傻瓜,NOUN
Bock,buck,公山羊,NOUN
Bogen,sheet,张,NOUN
Bohne,bean,豆子,NOUN
brav,well-behaved,乖的,ADJ
breit,wide,宽的,ADJ
Bremse,brake,刹车,NOUN
Brieftasche,wallet,钱包,NOUN
Bude,booth,摊位,NOUN
Bulle,cop,警察,NOUN
Bursche,fellow,小伙子,NOUN
checken,to check,检查,VERB
Chefin,boss (female),女老板,NOUN
Chinese,Chinese person,中国人,NOUN
daneben,next to,在旁边,ADV
Daumen,thumb,拇指,NOUN
decken,to cover,覆盖,VERB
dehnen,to stretch,伸展,VERB
deutsch,German,德国的,ADJ
Deutsche,German person,德国人,NOUN
dick,fat,胖的,ADJ
doof,dumb,愚蠢的,ADJ
doppelt,double,双倍的,ADJ
Dose,can,罐头,NOUN
Drache,dragon,龙,NOUN
Drachen,kite,风筝,NOUN
dreimal,three times,三次,ADV
Durst,thirst,口渴,NOUN
Dusche,shower,淋浴,NOUN
Dutzend,dozen,一打,NOUN
dünn,thin,薄的,ADJ
Ehre,honor,荣誉,NOUN
Eimer,bucket,桶,NOUN
Eingang,entrance,入口,NOUN
einiger,some,一些,DET
einsteigen,to get on,上车,VERB
einzig,unique,唯一的,ADJ
Eisen,iron,铁,NOUN
Enkel,grandson,孙子,NOUN
Enkelin,granddaughter,孙女,NOUN
entspannt,relaxed,放松的,ADJ
Erdbeben,earthquake,地震,NOUN
erhitzen,to heat,加热,VERB
ernten,to harvest,收割,VERB
erschrecken,to frighten,惊吓,VERB
ertrinken,to drown,溺水,VERB
Erwachsene,adult,成年人,NOUN
Esel,donkey,驴,NOUN
Etage,floor,楼层,NOUN
Fabrik,factory,工厂,NOUN
Fahrzeug,vehicle,车辆,NOUN
Faust,fist,拳头,NOUN
Feier,celebration,庆祝活动,NOUN
Fels,rock,岩石,NOUN
fett,fat,肥胖的,ADJ
Feuerwehr,fire department,消防队,NOUN
Feuerwerk,fireworks,烟花,NOUN
fies,nasty,卑鄙的,ADJ
Flagge,flag,旗帜,NOUN
Flamme,flame,火焰,NOUN
fleißig,diligent,勤奋的,ADJ
Flur,hallway,走廊,NOUN
Franzose,Frenchman,法国人,NOUN
Französisch,French,法语,NOUN
Freizeit,free time,业余时间,NOUN
fremd,foreign,陌生的,ADJ
Friedhof,cemetery,墓地,NOUN
Frisur,hairstyle,发型,NOUN
Frosch,frog,青蛙,NOUN
Führerschein,driver's license,驾驶证,NOUN
füttern,to feed,喂养,VERB
gefrieren,to freeze,结冰,VERB
Gefühl,feeling,感觉,NOUN
gemütlich,cozy,舒适的,ADJ
geradeaus,straight ahead,一直往前,ADV
Gerede,gossip,闲话,NOUN
Geruch,smell,气味,NOUN
Gerät,device,设备,NOUN
gestresst,stressed,有压力的,ADJ
Gesundheit,health,健康,NOUN
Gitarre,guitar,吉他,NOUN
Glocke,bell,钟,NOUN
goldfarben,golden,金色的,ADJ
gratulieren,to congratulate,祝贺,VERB
gruselig,creepy,令人毛骨悚然的,ADJ
Güte,goodness,善良,NOUN
Hai,shark,鲨鱼,NOUN
Halle,hall,大厅,NOUN
Handtasche,handbag,手提包,NOUN
Handtuch,towel,毛巾,NOUN
hauen,to hit,打,VERB
Hauptstadt,capital,首都,NOUN
heben,to lift,举起,VERB
Helikopter,helicopter,直升机,NOUN
hell,bright,明亮的,ADJ
Helm,helmet,头盔,NOUN
herzlich,cordial,衷心的,ADJ
hierhin,to here,到这里,ADV
hinfahren,to drive there,开车去那里,VERB
hinlegen,to lay down,放下,VERB
hinsetzen,to sit down,坐下,VERB
Hobby,pastime,爱好,NOUN
Hubschrauber,helicopter,直升机,NOUN
Humor,sense of humor,幽默,NOUN
Hundert,hundreds,数百,NOUN
hupen,to honk,按喇叭,VERB
Hure,whore,妓女,NOUN
hässlich,ugly,丑陋的,ADJ
höflich,polite,礼貌的,ADJ
Höhle,cave,洞穴,NOUN
Hügel,hill,小山,NOUN
Information,piece of information,信息,NOUN
informieren,inform,通知,VERB
intelligent,clever,聪明的,ADJ
Interview,job interview,采访,NOUN
irgend,any,任何,ADV
irgendein,any,任何一个,DET
irgendjemand,anyone,任何人,PRON
irgendwer,anyone,任何人,PRON
Italienisch,Italian,意大利语,NOUN
Jahrhundert,century,世纪,NOUN
jammern,to whine,哀叹,VERB
Jugendlicher,teenager,青少年,NOUN
Jäger,hunter,猎人,NOUN
Kabel,cable,电缆,NOUN
Kanone,cannon,大炮,NOUN
Kater,hangover,宿醉,NOUN
Kellnerin,waitress,女服务员,NOUN
Kette,chain,链子,NOUN
Kilo,kilogram,公斤,NOUN
Kindergarten,preschool,幼儿园,NOUN
Kindheit,childhood,童年,NOUN
Klamotten,clothes,衣服,NOUN
klappen,to work out,成功,VERB
klauen,to steal,偷,VERB
Klavier,piano,钢琴,NOUN
Klemme,clamp,夹子,NOUN
Klingel,bell,门铃,NOUN
Klingeln,ringing,铃声,NOUN
klopfen,knock,敲,VERB
Knall,bang,巨响,NOUN
kneifen,to pinch,捏,VERB
Kneipe,pub,酒馆,NOUN
Knopf,button,纽扣,NOUN
Knoten,knot,结,NOUN
Knöchel,ankle,脚踝,NOUN
Kollegin,colleague (female),女同事,NOUN
Kompliment,compliment,赞美,NOUN
Konto,account,账户,NOUN
Konzert,concert,音乐会,NOUN
Kopfschmerz,headache,头痛,NOUN
Kopie,copy,副本,NOUN
Korb,basket,篮子,NOUN
korrekt,correct,正确的,ADJ
Kostüm,costume,服装,NOUN
krabbeln,to crawl,爬行,VERB
Kram,stuff,杂物,NOUN
krass,extreme,极端的,ADJ
kratzen,to scratch,挠,VERB
Kratzer,scratch,划痕,NOUN
Krawatte,tie,领带,NOUN
Kreditkarte,credit card,信用卡,NOUN
Kreuz,cross,十字架,NOUN
Krone,crown,王冠,NOUN
Kultur,culture,文化,NOUN
Kunde,customer,顾客,NOUN
Käfig,cage,笼子,NOUN
Kätzchen,kitten,小猫,NOUN
Küste,coast,海岸,NOUN
laden,to load,装载,VERB
Langeweile,boredom,无聊,NOUN
lassen,to let,让,AUX
Laster,truck,卡车,NOUN
Lastwagen,truck,卡车,NOUN
Laut,sound,声音,NOUN
Lautsprecher,loudspeaker,扬声器,NOUN
Leck,leak,漏洞,NOUN
lecken,to lick,舔,VERB
legal,lawful,合法的,ADJ
lehnen,to lean,倚靠,VERB
Lehrerin,teacher (female),女教师,NOUN
Leine,leash,皮带,NOUN
Lektion,lesson,课,NOUN
Linie,line,线,NOUN
Liter,litre,升,NOUN
Lokal,bar,酒吧,NOUN
losgehen,to start,开始,VERB
Lunge,lung,肺,NOUN
Lärm,noise,噪音,NOUN
Magen,stomach,胃,NOUN
Mahlzeit,meal,餐,NOUN
mancher,some,某些,DET
Mannschaft,team,团队,NOUN
Marke,brand,品牌,NOUN
Maske,mask,面具,NOUN
Mauer,wall,墙,NOUN
Medikament,medication,药物,NOUN
meist,mostly,大多,ADV
Miete,rent,租金,NOUN
mieten,to rent,租用,VERB
Mistkerl,bastard,混蛋,NOUN
mitmachen,participate,参与,VERB
Mode,fashion,时尚,NOUN
Muskel,muscle,肌肉,NOUN
Mutti,mommy,妈妈,NOUN
Mädel,girl,女孩,NOUN
Nachbarin,neighbor (female),女邻居,NOUN
Nachtisch,dessert,甜点,NOUN
Nadel,needle,针,NOUN
nass,wet,湿的,ADJ
Nebel,fog,雾,NOUN
nebenan,next door,在隔壁,ADV
Neffe,nephew,侄子,NOUN
negativ,negative,负的,ADJ
Netz,net,网,NOUN
nicken,to nod,点头,VERB
Niere,kidney,肾脏,NOUN
normalerweise,normally,通常,ADV
Notruf,emergency call,紧急呼叫,NOUN
nächste,next,下一个的,ADJ
nützlich,useful,有用的,ADJ
Ofen,oven,烤箱,NOUN
Oper,opera,歌剧,NOUN
ordentlich,tidy,整洁的,ADJ
organisieren,organize,组织,VERB
Osten,east,东方,NOUN
Ozean,ocean,海洋,NOUN
Paket,package,包裹,NOUN
Palast,palace,宫殿,NOUN
Papierkram,paperwork,文书工作,NOUN
Parkplatz,parking lot,停车场,NOUN
Partnerin,partner (female),女伴侣,NOUN
Passwort,password,密码,NOUN
Patientin,patient (female),女病人,NOUN
Penner,bum,流浪汉,NOUN
Pfeife,whistle,口哨,NOUN
Pfeil,arrow,箭,NOUN
Pflanze,plant,植物,NOUN
Pflege,care,护理,NOUN
Pille,pill,药丸,NOUN
pinkeln,to pee,小便,VERB
Pirat,pirate,海盗,NOUN
pleite,broke,破产的,ADJ
Polizistin,police officer (female),女警察,NOUN
Pommes,fries,炸薯条,NOUN
Popmusik,pop music,流行音乐,NOUN
positiv,positive,积极的,ADJ
prima,great,极好的,ADJ
privat,private,私人的,ADJ
Produkt,product,产品,NOUN
Profi,professional,专业人士,NOUN
Präsidentin,president (female),女总统,NOUN
pünktlich,punctual,准时的,ADJ
Rad,wheel,轮子,NOUN
Rakete,rocket,火箭,NOUN
Rand,edge,边缘,NOUN
Ratte,rat,老鼠,NOUN
Rauch,smoke,烟,NOUN
rauchen,smoke,吸烟,VERB
Raumschiff,spaceship,宇宙飞船,NOUN
rauskommen,come out,出来,VERB
recht,right,正确的,ADJ
reiben,to rub,摩擦,VERB
reißen,to tear,撕,VERB
Reiter,rider,骑手,NOUN
reservieren,to reserve,预订,VERB
Rezept,recipe,食谱,NOUN
riesig,huge,巨大的,ADJ
Roboter,robot,机器人,NOUN
Rockmusik,rock music,摇滚乐,NOUN
romantisch,romantic,浪漫的,ADJ
Russe,Russian,俄罗斯人,NOUN
russisch,Russian,俄罗斯的,ADJ
Rätsel,riddle,谜语,NOUN
Räuber,robber,强盗,NOUN
rückwärts,backwards,向后,ADV
Saal,hall,大厅,NOUN
sanft,gentle,温柔的,ADJ
saugen,to suck,吸,VERB
schaben,to scrape,刮,VERB
Schauspielerin,actress,女演员,NOUN
Scheibe,slice,薄片,NOUN
Scheiße,shit,屎,NOUN
Schere,scissors,剪刀,NOUN
Schicksal,fate,命运,NOUN
schieben,to push,推,VERB
Schild,sign,标志,NOUN
Schlampe,bitch,婊子,NOUN
Schluck,sip,一口,NOUN
schmeißen,to throw,扔,VERB
schmelzen,to melt,融化,VERB
schmerzen,to hurt,使疼痛,VERB
Schmuck,jewelry,首饰,NOUN
schmutzig,dirty,脏的,ADJ
schmücken,to decorate,装饰,VERB
Schnaps,liquor,烈酒,NOUN
Schrott,scrap,废料,NOUN
schräg,oblique,倾斜的,ADJ
Schublade,drawer,抽屉,NOUN
Schuh,shoe,鞋,NOUN
Schwager,brother-in-law,姐夫,NOUN
Schädel,skull,头骨,NOUN
schüchtern,shy,害羞的,ADJ
Seife,soap,肥皂,NOUN
Seil,rope,绳子,NOUN
Sekretärin,secretary,女秘书,NOUN
selbstverständlich,of course,理所当然的,ADJ
servus,hello,你好,INTJ
seufzen,to sigh,叹气,VERB
sicherlich,certainly,当然,ADV
Sieger,winner,获胜者,NOUN
Silber,silver,银,NOUN
Single,single person,单身人士,NOUN
sinken,sink,下沉,VERB
Sirene,siren,警笛,NOUN
Situation,situation,情况,NOUN
Sitz,seat,座位,NOUN
SMS,text message,短信,NOUN
Sonnenaufgang,sunrise,日出,NOUN
Sonnenuntergang,sunset,日落,NOUN
Sorte,sort,种类,NOUN
Spanien,Spain,西班牙,NOUN
spanisch,Spanish,西班牙的,ADJ
spannend,exciting,令人兴奋的,ADJ
sparsam,economical,节俭的,ADJ
Spaziergang,walk,散步,NOUN
Speck,bacon,培根,NOUN
spitze,great,极好的,ADJ
Sprung,jump,跳跃,NOUN
Stall,stable,畜舍,NOUN
Stand,status,地位,NOUN
Staub,dust,灰尘,NOUN
stempeln,to stamp,盖章,VERB
Stiefel,boot,靴子,NOUN
Stirn,forehead,前额,NOUN
stottern,to stutter,结巴,VERB
Streich,prank,恶作剧,NOUN
streichen,to paint,粉刷,VERB
stur,stubborn,固执的,ADJ
Süßigkeit,sweet,糖果,NOUN
Tal,valley,山谷,NOUN
tapfer,brave,勇敢的,ADJ
taub,deaf,聋的,ADJ
Teddy,teddy bear,泰迪熊,NOUN
teils,partly,部分地,ADV
telefonieren,to phone,打电话,VERB
Temperatur,temperature,温度,NOUN
Tempo,speed,速度,NOUN
Tipp,tip,提示,NOUN
Torte,cake,蛋糕,NOUN
trainieren,to train,训练,VERB
trennen,separate,分开,VERB
Gewissensfreiheit,freedom of conscience,良心自由,NOUN
Abschlusszeugnis,leaving certificate,毕业证书,NOUN
Altersdiskriminierung,age discrimination,年龄歧视,NOUN
Anpassungsdruck,pressure to adapt,适应压力,NOUN
Arbeitserlaubnis,work permit,工作许可,NOUN
Artensterben,species extinction,物种灭绝,NOUN
Aufenthaltserlaubnis,residence permit,居留许可,NOUN
Ausdauertraining,endurance training,耐力训练,NOUN
Aussichtslosigkeit,hopelessness,毫无希望,NOUN
Beschwerdebrief,letter of complaint,投诉信,NOUN
Bevorzugung,preferential treatment,优待,NOUN
Bildungsabschluss,educational qualification,教育学历,NOUN
Bindungsangst,fear of commitment,害怕亲密关系,NOUN
Bruttolohn,gross wage,税前工资,NOUN
Bürgerinitiative,citizens initiative,公民倡议,NOUN
Datensicherheit,data security,数据安全,NOUN
Einbuße,loss; setback,损失,NOUN
Einwanderungsland,immigration country,移民输入国,NOUN
Erfahrungsbericht,experience report,经验报告,NOUN
Fachsprache,specialist language,专业术语,NOUN
Fernbeziehung,long-distance relationship,异地恋,NOUN
Förderprogramm,funding program,资助计划,NOUN
Gefängniszelle,prison cell,牢房,NOUN
Genussmittel,pleasure food; stimulant,嗜好品,NOUN
Gesellschaftsordnung,social order,社会秩序,NOUN
Gewaltenteilung,separation of powers,三权分立,NOUN
Halbwissen,half-knowledge,一知半解,NOUN
Hilfsaktion,relief action,救助行动,NOUN
Inflationsrate,inflation rate,通货膨胀率,NOUN
Jahresbilanz,annual balance sheet,年度结算,NOUN
Klimaforscher,climate researcher,气候研究员,NOUN
Kohlekraftwerk,coal-fired power plant,燃煤发电厂,NOUN
Krankenhausaufenthalt,hospital stay,住院,NOUN
Leidensweg,ordeal; path of suffering,苦难历程,NOUN
Lernfortschritt,learning progress,学习进步,NOUN
Lärmschutz,noise protection,噪音防护,NOUN
Mediennutzung,media use,媒体使用,NOUN
Minijob,mini job,迷你工作,NOUN
Missmut,sullenness,闷闷不乐,NOUN
Muskelaufbau,muscle building,肌肉增长,NOUN
Nachruf,obituary; tribute,讣告,NOUN
Nutzerprofil,user profile,用户资料,NOUN
Personalmangel,staff shortage,人手短缺,NOUN
Pflichtgefühl,sense of duty,责任感,NOUN
Prüfungsangst,exam anxiety,考试焦虑,NOUN
Regierungspartei,governing party,执政党,NOUN
Schattenwirtschaft,shadow economy,影子经济,NOUN
abdanken,abdicate; step down,退位,VERB
anpreisen,promote; praise,推销吹捧,VERB
aufwärmen,warm up,加热重温,VERB
ausladen,uninvite; unload,取消邀请,VERB
ausweiten,extend; widen,扩大,VERB
beschwichtigen,placate,安抚,VERB
einstufen,classify; rate,归类评级,VERB
erstarken,gain strength,变得强大,VERB
herbeisehnen,long for,渴望期盼,VERB
kippen,topple; tip over,倾翻翻倒,VERB
mithelfen,lend a hand,协助帮忙,VERB
nachempfinden,recreate empathetically,感同身受,VERB
niederreißen,tear down,拆除推倒,VERB
umbiegen,bend out of shape,掰弯扭曲,VERB
umschwenken,change tack,改变方向,VERB
verinnerlichen,internalize,内化牢记,VERB
verwahrlosen,fall into neglect,失修荒废,VERB
vorverurteilen,prejudge,预先定罪,VERB
motiviert,motivated,有动力的,ADJ
achtsam,mindful; careful,细心谨慎的,ADJ
bedrückt,dejected,心情沉重的,ADJ
betriebsblind,blind to internal flaws,对自身问题盲目的,ADJ
einfühlsam,empathetic,富有同理心的,ADJ
gehaltvoll,rich in content,内容丰富的,ADJ
krisensicher,crisis-proof,抗危机的,ADJ
meisterhaft,masterful,技艺精湛的,ADJ
nervtötend,maddening,烦死人的,ADJ
unabwendbar,unavoidable,不可避免的,ADJ
unerschrocken,fearless,无所畏惧的,ADJ
unzertrennlich,inseparable,不可分离的,ADJ
verspielt,playful,爱玩调皮的,ADJ
wagemutig,daring,勇敢无畏的,ADJ
geradezu,positively; downright,简直是,ADV
auffälligerweise,noticeably,引人注目地,ADV
dermaßen,to such an extent,如此程度地,ADV
folgerichtig,consequent; logical,顺理成章地,ADV
gezwungenermaßen,perforce; reluctantly,不得已地,ADV
hierdurch,hereby; through this,由此,ADV
kampflos,without resistance,未加抵抗地,ADV
namentlich,namely; specifically,具体来说,ADV
probeweise,on a trial basis,以试用方式,ADV
schleunigst,as quickly as possible,尽快火速,ADV
treu,faithful,忠诚的,ADJ
Trinkgeld,tip,小费,NOUN
trocken,dry,干的,ADJ
Tropfen,drop,滴,NOUN
Trottel,fool,傻瓜,NOUN
trösten,to comfort,安慰,VERB
tun,to do,做,AUX
Turm,tower,塔,NOUN
typisch,typical,典型的,ADJ
Tüte,bag,袋子,NOUN
Ufer,shore,岸,NOUN
umarmen,hug,拥抱,VERB
umziehen,move,搬家,VERB
unbekannt,unknown,未知的,ADJ
unglücklich,unhappy,不快乐的,ADJ
Universum,universe,宇宙,NOUN
unsicher,insecure,不确定的,ADJ
unterm,under the,在...下面,ADP
Unterschrift,signature,签名,NOUN
unwichtig,unimportant,不重要的,ADJ
Vampir,vampire,吸血鬼,NOUN
verabredet,arranged,约定的,ADJ
verbessern,to improve,改进,VERB
Verein,club,协会,NOUN
vergraben,to bury,埋葬,VERB
Verkauf,sale,销售,NOUN
Verkehr,traffic,交通,NOUN
verknallt,infatuated,迷恋的,ADJ
verlieben,to fall in love,坠入爱河,VERB
verlobt,engaged,订婚的,ADJ
Verlobte,fiance,未婚夫,NOUN
Verlobung,engagement,订婚,NOUN
Versager,loser,失败者,NOUN
versaut,ruined,搞砸的,ADJ
verschwenden,to waste,浪费,VERB
verwöhnen,to spoil,溺爱,VERB
Viertel,quarter,四分之一,NOUN
vorhaben,to plan,计划,VERB
vorlesen,to read aloud,朗读,VERB
Waschküche,laundry room,洗衣房,NOUN
wegnehmen,to take away,拿走,VERB
weich,soft,柔软的,ADJ
weise,wise,明智的,ADJ
Welle,wave,波浪,NOUN
Werbung,advertising,广告,NOUN
Werkstatt,workshop,车间,NOUN
Wichtigste,most important thing,最重要的事,NOUN
widersprechen,to contradict,反驳,VERB
Wiederhören,goodbye (phone),再见（电话用语）,NOUN
wiedersehen,to see again,再见,VERB
Witwe,widow,寡妇,NOUN
Wohnwagen,caravan,房车,NOUN
Wolle,wool,羊毛,NOUN
womit,with what,用什么,ADV
wundern,to wonder,惊讶,VERB
wundervoll,wonderful,奇妙的,ADJ
Wäsche,laundry,洗涤物,NOUN
Würstchen,sausage,香肠,NOUN
zahm,tame,温顺的,ADJ
Zahnarzt,dentist,牙医,NOUN
Zauber,magic,魔法,NOUN
Zauberer,wizard,魔术师,NOUN
Zaun,fence,栅栏,NOUN
Zelt,tent,帐篷,NOUN
Zentimeter,centimeter,厘米,NOUN
Zentrum,center,中心,NOUN
Zettel,note,纸条,NOUN
Zigarette,cigarette,香烟,NOUN
Zirkus,circus,马戏团,NOUN
zunächst,initially,首先,ADV
zurückbringen,to bring back,带回,VERB
zurückrufen,to call back,回电话,VERB
zweiter,second,第二,ADJ
Zwilling,twin,双胞胎,NOUN
zwinkern,to wink,眨眼,VERB
zwitschern,to chirp,啁啾,VERB
Ärztin,doctor,女医生,NOUN
Öffnung,opening,开口,NOUN
Öl,oil,油,NOUN
übernachten,to stay overnight,过夜,VERB
Übersetzung,translation,翻译,NOUN
Übung,exercise,练习,NOUN
abbrechen,to cancel,取消,VERB
abhängen,to depend on,依赖,VERB
abhängig,dependent,依赖的,ADJ
ablaufen,to expire,过期,VERB
ablenken,to distract,使分心,VERB
Ablenkung,distraction,分心,NOUN
abraten,to advise against,劝阻,VERB
Abschied,farewell,告别,NOUN
Abschluss,degree,学位,NOUN
abschätzen,to estimate,估测,VERB
absichtlich,intentional,故意的,ADJ
absinken,to sink,下沉,VERB
absolvieren,to complete,完成,VERB
Abstand,distance,距离,NOUN
abstimmen,to vote,表决,VERB
abwarten,to wait and see,等待观望,VERB
Abzweigung,turnoff,岔路,NOUN
aggressiv,aggressive,好斗的,ADJ
Akademie,academy,学院,NOUN
Akzent,accent,口音,NOUN
allergisch,allergic,过敏的,ADJ
allgemein,general,一般的,ADJ
allzu,too,过于,ADV
amüsieren,to amuse,逗乐,VERB
anbauen,to cultivate,种植,VERB
andauernd,constant,持续的,ADJ
Anerkennung,recognition,认可,NOUN
anfühlen,to feel,感觉,VERB
angeben,to state,说明,VERB
angeblich,allegedly,据称,ADV
angreifen,to attack,进攻,VERB
anhalten,to stop,停止,VERB
Anhänger,supporter,支持者,NOUN
Anlage,facility,设施,NOUN
Annahme,assumption,假设,NOUN
ansagen,to announce,播报,VERB
anscheinend,apparently,显然,ADV
Ansicht,view,观点,NOUN
anspruchsvoll,demanding,要求高的,ADJ
anstellen,to employ,雇用,VERB
anständig,decent,体面的,ADJ
Anweisung,instruction,指示,NOUN
anwesend,present,在场的,ADJ
Anwältin,lawyer (female),女律师,NOUN
Anzahl,number,数量,NOUN
Anzeichen,sign,迹象,NOUN
Apparat,apparatus,设备,NOUN
Argument,argument,论据,NOUN
Armer,poor person,穷人,NOUN
Atelier,studio,工作室,NOUN
attraktiv,attractive,有吸引力的,ADJ
aufatmen,to breathe again,松口气,VERB
aufbauen,to build,建立,VERB
aufbewahren,to keep,保存,VERB
aufdecken,to uncover,揭露,VERB
auffallen,to stand out,引人注目,VERB
aufheben,to lift,举起,VERB
auflösen,to dissolve,解散,VERB
aufmerksam,attentive,专注的,ADJ
Aufnahme,recording,录音,NOUN
aufregen,to upset,使生气,VERB
aufregend,exciting,令人兴奋的,ADJ
aufrichtig,sincere,真诚的,ADJ
aufstellen,to set up,建立,VERB
auftauchen,to appear,出现,VERB
aufteilen,to divide,分配,VERB
auftreten,to appear,出现,VERB
Auftritt,appearance,出场,NOUN
aufzeichnen,to record,记录,VERB
Aufzeichnung,record,记录,NOUN
ausatmen,to exhale,呼气,VERB
ausbauen,to expand,扩建,VERB
ausbilden,to train,培训,VERB
Ausdruck,expression,表达,NOUN
ausdrücken,to express,表达,VERB
ausdrücklich,explicit,明确的,ADJ
ausfallen,to be cancelled,取消,VERB
ausgeschlossen,excluded,排除在外的,ADJ
ausgleichen,to compensate,补偿,VERB
aushalten,to endure,忍受,VERB
ausmachen,to turn off,关闭,VERB
Ausnahme,exception,例外,NOUN
ausnutzen,to exploit,利用,VERB
Ausrede,excuse,借口,NOUN
ausreden,to make excuses,找借口,VERB
Ausrüstung,equipment,装备,NOUN
außergewöhnlich,extraordinary,非凡的,ADJ
Aussicht,view,景色,NOUN
aussprechen,to pronounce,发音,VERB
Ausstellung,exhibition,展览,NOUN
ausstrahlen,to broadcast,播出,VERB
Austausch,exchange,交流,NOUN
austauschen,to exchange,交换,VERB
austeilen,to distribute,分发,VERB
Auswahl,selection,选择,NOUN
auswendig,by heart,熟记,ADV
Auszeit,time out,休息,NOUN
Autounfall,car accident,车祸,NOUN
Bargeld,cash,现金,NOUN
Bau,construction,建筑,NOUN
Baustelle,construction site,工地,NOUN
Beamter,official,官员,NOUN
Bedingung,condition,条件,NOUN
beeindrucken,to impress,给...留下深刻印象,VERB
beeindruckend,impressive,令人印象深刻的,ADJ
beeinflussen,to influence,影响,VERB
befreundet,friends with,友好的,ADJ
Begegnung,encounter,相遇,NOUN
begrenzen,to limit,限制,VERB
begrenzt,limited,有限的,ADJ
begründet,justified,有根据的,ADJ
Beileid,condolences,哀悼,NOUN
beimischen,to mix in,掺入,VERB
Beitrag,contribution,贡献,NOUN
beleidigen,to insult,侮辱,VERB
Belohnung,reward,奖励,NOUN
belügen,to lie to,对...说谎,VERB
bemerken,to notice,注意到,VERB
bemerkenswert,notable,值得注意的,ADJ
benehmen,to behave,表现,VERB
beneiden,to envy,羡慕,VERB
benötigen,to require,需要,VERB
Berater,advisor,顾问,NOUN
Beratung,advice,咨询,NOUN
Bereich,area,区域,NOUN
bereiten,to prepare,准备,VERB
beruflich,professional,职业的,ADJ
Beschreibung,description,描述,NOUN
beschweren,to complain,抱怨,VERB
besessen,obsessed,着迷的,ADJ
besichtigen,to view,参观,VERB
Besitz,property,财产,NOUN
besitzen,to own,拥有,VERB
Besserung,improvement,好转,NOUN
bestens,very well,非常好,ADV
bestimmen,to determine,决定,VERB
bestätigen,to confirm,确认,VERB
Bestätigung,confirmation,确认,NOUN
beten,to pray,祈祷,VERB
betragen,to amount to,共计,VERB
betreten,to enter,进入,VERB
Betrieb,operation,运营,NOUN
betteln,to beg,乞讨,VERB
beunruhigen,to worry,使不安,VERB
Bewertung,evaluation,评价,NOUN
bewusstlos,unconscious,无意识的,ADJ
Bezahlung,payment,支付,NOUN
Bezirk,district,区,NOUN
Bibel,Bible,圣经,NOUN
bilden,to form,形成,VERB
Bildung,education,教育,NOUN
Bischof,bishop,主教,NOUN
bitter,bitter,苦的,ADJ
blockieren,to block,阻塞,VERB
Blutdruck,blood pressure,血压,NOUN
Blutung,bleeding,出血,NOUN
Brett,board,木板,NOUN
brillant,brilliant,杰出的,ADJ
bröckeln,to crumble,碎裂,VERB
Charakter,character,性格,NOUN
Dankbarkeit,gratitude,感激,NOUN
darunter,among them,在其中,ADV
dazugehören,to belong,属于,VERB
dazukommen,to be added,加入,VERB
Demokratie,democracy,民主,NOUN
derzeit,currently,目前,ADV
Detektiv,detective,侦探,NOUN
Diagnose,diagnosis,诊断,NOUN
Diamant,diamond,钻石,NOUN
diejenigen,those,那些,DET
Diskussion,discussion,讨论,NOUN
Distanz,distance,距离,NOUN
Disziplin,discipline,纪律,NOUN
Drehbuch,screenplay,剧本,NOUN
durchmachen,to go through,经历,VERB
Durchsage,announcement,广播,NOUN
durchschauen,to see through,看穿,VERB
durchsuchen,to search,搜查,VERB
durchziehen,to pull through,拉过,VERB
ebenso,likewise,同样地,ADV
egoistisch,selfish,自私的,ADJ
Ehrgeiz,ambition,雄心,NOUN
Ehrlichkeit,honesty,诚实,NOUN
Eifersucht,jealousy,嫉妒,NOUN
Eigenschaft,property,特性,NOUN
Eigentum,property,财产,NOUN
Eile,hurry,匆忙,NOUN
einbrechen,to break in,闯入,VERB
Einbrecher,burglar,窃贼,NOUN
Einbruch,burglary,入室盗窃,NOUN
Einfall,idea,主意,NOUN
einfallen,to occur to,想起,VERB
Einfluss,influence,影响,NOUN
einig,agreed,一致的,ADJ
Einleitung,introduction,引言,NOUN
einleuchten,to make sense,讲得通,VERB
einmischen,to interfere,干涉,VERB
einnehmen,to ingest,服用,VERB
Einrichtung,facility,设施,NOUN
Einsamkeit,loneliness,孤独,NOUN
einschließen,to lock in,锁住,VERB
einschätzen,to assess,评估,VERB
einsetzen,to deploy,部署,VERB
einsperren,to lock up,关押,VERB
einstellen,to hire,雇用,VERB
Einstellung,attitude,态度,NOUN
Einwand,objection,异议,NOUN
einwerfen,to throw in,投入,VERB
Einzelheit,detail,细节,NOUN
einzeln,individual,单独的,ADJ
einziehen,to move in,搬入,VERB
einzigartig,unique,独特的,ADJ
ekelhaft,disgusting,令人作呕的,ADJ
Empfang,reception,接待,NOUN
empfindlich,sensitive,敏感的,ADJ
endgültig,final,最终的,ADJ
engagiert,committed,投入的,ADJ
entdecken,to discover,发现,VERB
Entfernung,distance,距离,NOUN
enthalten,to contain,包含,VERB
entschlossen,determined,坚定的,ADJ
entspannen,to relax,放松,VERB
Enttäuschung,disappointment,失望,NOUN
entwickeln,develop,发展,VERB
Entwicklung,development,发展,NOUN
erben,to inherit,继承,VERB
erblinden,to go blind,失明,VERB
Ereignis,event,事件,NOUN
Erfindung,invention,发明,NOUN
erfüllen,fulfill,履行,VERB
ergeben,to yield,产生,VERB
ergänzen,to supplement,补充,VERB
erholen,recover,恢复,VERB
erhöhen,raise,提高,VERB
erneut,again,再次,ADV
ernähren,feed,喂养,VERB
erraten,to guess,猜出,VERB
erscheinen,appear,出现,VERB
ersetzen,to replace,替换,VERB
ersparen,to spare,免除,VERB
erstarren,to freeze,僵住,VERB
erstaunlich,astonishing,令人惊讶的,ADJ
ersticken,to suffocate,窒息,VERB
Erwartung,expectation,期望,NOUN
Erziehung,education,教育,NOUN
eventuell,perhaps,可能,ADV
existieren,to exist,存在,VERB
Experte,expert,专家,NOUN
Faktor,factor,因素,NOUN
faszinieren,to fascinate,使着迷,VERB
faszinierend,fascinating,迷人的,ADJ
feige,cowardly,懦弱的,ADJ
Feigling,coward,懦夫,NOUN
feilschen,to haggle,讨价还价,VERB
Fertigkeit,skill,技能,NOUN
festhalten,to hold on,抓住,VERB
Feststellung,statement,断言,NOUN
Festung,fortress,堡垒,NOUN
Figur,figure,身材,NOUN
filtern,to filter,过滤,VERB
Finale,final,决赛,NOUN
Flieger,pilot,飞行员,NOUN
fließen,to flow,流动,VERB
Flotte,fleet,舰队,NOUN
Fluch,curse,诅咒,NOUN
Flügel,wing,翅膀,NOUN
Flüssigkeit,liquid,液体,NOUN
forschen,to research,研究,VERB
Fortschritt,progress,进步,NOUN
frech,cheeky,厚颜无耻的,ADJ
Fremde,stranger,陌生人,NOUN
Fremder,stranger,陌生人,NOUN
friedlich,peaceful,和平的,ADJ
Funktion,function,功能,NOUN
fähig,capable,有能力的,ADJ
Fähigkeit,ability,能力,NOUN
fällen,to fell,砍伐,VERB
Führer,leader,领导者,NOUN
Führung,guided tour,导游,NOUN
fürchten,to fear,害怕,VERB
Gauner,crook,骗子,NOUN
Gebet,prayer,祈祷,NOUN
gebären,to give birth,分娩,VERB
Gedanke,thought,思想,NOUN
Gedicht,poem,诗,NOUN
Gedächtnis,memory,记忆,NOUN
Gefangene,prisoner,囚犯,NOUN
Gegensatz,opposite,对立面,NOUN
Gegenwart,present,现在,NOUN
Gegner,opponent,对手,NOUN
Gehalt,salary,工资,NOUN
geheimnisvoll,mysterious,神秘的,ADJ
Geist,mind,精神,NOUN
Gemälde,painting,画作,NOUN
Generation,generation,世代,NOUN
genial,brilliant,天才的,ADJ
genügen,to be enough,足够,VERB
genügend,enough,足够的,ADJ
gerecht,fair,公平的,ADJ
Gerücht,rumor,谣言,NOUN
Geschwindigkeit,speed,速度,NOUN
Geschäftsführer,managing director,总经理,NOUN
Geschäftsmann,businessman,商人,NOUN
gespannt,tense,紧张的,ADJ
Geste,gesture,手势,NOUN
gewachsen,grown,长大的,ADJ
Gewinn,profit,利润,NOUN
Gewinner,winner,赢家,NOUN
Gewohnheit,habit,习惯,NOUN
gewollt,wanted,故意的,ADJ
gewöhnen,to get used to,习惯于,VERB
gewöhnlich,usual,通常的,ADJ
glatt,smooth,光滑的,ADJ
Glaube,belief,信仰,NOUN
glätten,to smooth,使光滑,VERB
grausam,cruel,残酷的,ADJ
großzügig,generous,慷慨的,ADJ
grübeln,to brood,苦思,VERB
gründen,to found,创立,VERB
gründlich,thorough,彻底的,ADJ
Haltung,attitude,态度,NOUN
Handschelle,handcuff,手铐,NOUN
harmlos,harmless,无害的,ADJ
Hass,hatred,仇恨,NOUN
Hauptsache,main thing,主要的事,NOUN
heften,to pin,别住,VERB
heftig,intense,强烈的,ADJ
heimlich,secret,秘密的,ADJ
Heirat,marriage,婚姻,NOUN
Abfalltrennung,waste separation,垃圾分类,NOUN
Akkulaufzeit,battery life,电池续航时间,NOUN
Altersgrenze,age limit,年龄上限,NOUN
Anstellungsvertrag,employment contract,聘用合同,NOUN
Arbeitsklima,working atmosphere,工作氛围,NOUN
Asylverfahren,asylum procedure,庇护程序,NOUN
Aufenthaltsstatus,residence status,居留身份,NOUN
Aushändigung,handover; issuance,交付,NOUN
Baugenehmigung,building permit,建筑许可,NOUN
Beschwernis,hardship,困苦,NOUN
Bewegungsmangel,lack of exercise,缺乏运动,NOUN
Bildungsferne,lack of education,教育匮乏,NOUN
Blutgerinnsel,blood clot,血栓,NOUN
Budgetkürzung,budget cut,预算削减,NOUN
Chefetage,executive floor,管理层,NOUN
Dürreperiode,period of drought,干旱期,NOUN
Einflussbereich,sphere of influence,影响范围,NOUN
Energiesparlampe,energy-saving lamp,节能灯,NOUN
Ernährungsgewohnheit,eating habit,饮食习惯,NOUN
Fahrverbot,driving ban,禁行令,NOUN
Fernstudium,distance learning,远程学习,NOUN
Führungsposition,leadership position,领导职位,NOUN
Gehaltsverhandlung,salary negotiation,薪资谈判,NOUN
Gerichtsverfahren,court proceedings,法院诉讼,NOUN
Gesellschaftsvertrag,social contract,社会契约,NOUN
Gletscherschmelze,glacier melt,冰川融化,NOUN
Harmlosigkeit,harmlessness,无害性,NOUN
Hochwasserschutz,flood protection,防洪设施,NOUN
Innerlichkeit,inner life; inwardness,内心世界,NOUN
Jugendherberge,youth hostel,青年旅舍,NOUN
Klimaschutz,climate protection,气候保护,NOUN
Kontrollmechanismus,control mechanism,控制机制,NOUN
Kriminalstatistik,crime statistics,犯罪统计,NOUN
Leiharbeit,temporary agency work,劳务派遣,NOUN
Leserschaft,readership,读者群体,NOUN
Machtwechsel,change of power,权力更迭,NOUN
Meeresboden,seafloor,海底,NOUN
Missbrauchsopfer,victim of abuse,受虐受害者,NOUN
Mitgliedsbeitrag,membership fee,会费,NOUN
Nachbarschaftshilfe,neighborly help,邻里互助,NOUN
Nachzahlung,back payment,补付款,NOUN
Nutznießer,beneficiary,受益者,NOUN
Pfandflasche,deposit bottle,押金瓶,NOUN
Politikverdrossenheit,disillusionment with politics,政治冷漠,NOUN
Publikumsliebling,crowd favorite,观众宠儿,NOUN
Rettungsdienst,emergency rescue service,急救服务,NOUN
Schienennetz,rail network,铁路网,NOUN
abhaken,tick off,勾掉,VERB
anschwellen,swell,膨胀,VERB
ausbooten,sideline; oust,排挤出局,VERB
ausloten,sound out; gauge,探明揣摩,VERB
beispringen,stand in for,临时代替,VERB
bestaunen,gaze in amazement,惊叹凝视,VERB
einüben,drill; rehearse,练习排练,VERB
erstreben,strive for,力求争取,VERB
herstammen,originate from,源自出身,VERB
mitentscheiden,co-decide,共同决定,VERB
mitwirken,take part; collaborate,参与合作,VERB
nachklingen,resonate after,余音回荡,VERB
straffen,streamline; tighten,精简收紧,VERB
umdenken,change one's thinking,转变思维,VERB
umstimmen,win over; change mind,争取改变,VERB
verkrampfen,cramp up; stiffen,紧绷僵住,VERB
verzagen,lose heart,气馁退缩,VERB
weiterverarbeiten,process further,继续加工,VERB
erleichtert,relieved,如释重负的,ADJ
atemberaubend,breathtaking,令人屏息的,ADJ
beharrlich,persistent,坚持不懈的,ADJ
bewandert,well-versed,熟练精通的,ADJ
energiesparend,energy-saving,节省能源的,ADJ
ideenreich,inventive,富有创意的,ADJ
labil,unstable,不稳定脆弱的,ADJ
mutlos,discouraged,灰心丧气的,ADJ
selbstgefällig,self-complacent,自满自负的,ADJ
unachtsam,careless; inattentive,粗心大意的,ADJ
unfair,unfair,不公平的,ADJ
verantwortungsbewusst,responsible; conscientious,有责任心的,ADJ
verstörend,disturbing,令人不安的,ADJ
wankelmütig,fickle,摇摆善变的,ADJ
insoweit,insofar,就此而言,ADV
behelfsweise,as a makeshift,权宜临时地,ADV
desgleichen,likewise,同样地,ADV
derweil,meanwhile,与此同时,ADV
gleichwohl,nevertheless,尽管如此,ADV
hiervon,of these; hereof,其中,ADV
massenweise,en masse,大量地,ADV
neuerdings,newly; recently,新近,ADV
prompt,promptly; instantly,立即马上,ADV
schrittweise,step by step,逐步地,ADV
herrlich,glorious,壮丽的,ADJ
hervorheben,to emphasize,强调,VERB
hervorragend,outstanding,杰出的,ADJ
hetzen,to rush,追逐,VERB
heutzutage,nowadays,如今,ADV
hilfreich,helpful,有帮助的,ADJ
hinunter,downwards,向下,ADV
hinzufügen,to add,添加,VERB
Hochzeitstag,wedding anniversary,结婚纪念日,NOUN
häufen,to pile up,堆积,VERB
ignorieren,ignore,忽视,VERB
illegal,unlawful,非法的,ADJ
immerhin,after all,毕竟,ADV
Infektion,infection,感染,NOUN
infizieren,infect,感染,VERB
Inhalt,content,内容,NOUN
Instinkt,instinct,本能,NOUN
Intelligenz,intelligence,智力,NOUN
involviert,involved,涉及的,ADJ
irgendwohin,somewhere,去某处,ADV
Jagd,hunt,狩猎,NOUN
Japaner,Japanese,日本人,NOUN
jedoch,however,然而,ADV
jener,that (yonder),那个,DET
jubeln,to cheer,欢呼,VERB
Jude,Jew,犹太人,NOUN
Jugend,youth,青春,NOUN
Jungfrau,virgin,处女,NOUN
Junior,youngster,年少者,NOUN
Jury,panel of judges,陪审团,NOUN
Kanal,channel,频道,NOUN
Kapitel,chapter,章节,NOUN
Katastrophe,catastrophe,灾难,NOUN
klammern,to cling,依附,VERB
klassisch,classical,古典的,ADJ
Klaviermusik,piano music,钢琴音乐,NOUN
Kleinigkeit,little thing,小事,NOUN
Kloster,monastery,修道院,NOUN
Kofferraum,trunk,后备箱,NOUN
Kokain,cocaine,可卡因,NOUN
Koma,coma,昏迷,NOUN
Kombination,combination,组合,NOUN
kombinieren,to combine,组合,VERB
Kommando,command,命令,NOUN
Kommentar,comment,评论,NOUN
Kommunikation,communication,交流,NOUN
kommunizieren,to communicate,交流,VERB
Konferenz,conference,会议,NOUN
Konzentration,concentration,专注,NOUN
Koordinate,coordinate,坐标,NOUN
Korrektur,correction,纠正,NOUN
Krach,noise,噪音,NOUN
Kredit,credit,信用,NOUN
Kreis,circle,圆圈,NOUN
kreisen,to circle,环绕,VERB
Krieger,warrior,战士,NOUN
Krise,crisis,危机,NOUN
Kritik,criticism,批评,NOUN
Kämpfer,fighter,战士,NOUN
Königreich,kingdom,王国,NOUN
köstlich,delicious,美味的,ADJ
kündigen,to resign,辞职,VERB
kürzen,to shorten,缩短,VERB
kürzlich,recently,最近,ADV
Ladung,cargo,货物,NOUN
Landung,landing,着陆,NOUN
lauten,to read,读作,VERB
lebend,alive,活着的,ADJ
lediglich,merely,仅仅,ADV
Legende,legend,传说,NOUN
Leidenschaft,passion,激情,NOUN
Leistung,achievement,成就,NOUN
leiten,to lead,领导,VERB
lenken,to steer,引导,VERB
Lieferung,delivery,交付,NOUN
Liga,league,联盟,NOUN
Linke,left side,左侧,NOUN
locken,to lure,引诱,VERB
logisch,logical,逻辑的,ADJ
Lohn,wage,工资,NOUN
loslassen,to let go,放开,VERB
Mailbox,answering machine,邮箱,NOUN
Manager,executive,经理,NOUN
Marine,navy,海军,NOUN
Material,substance,材料,NOUN
Meldung,message,消息,NOUN
Melodie,melody,旋律,NOUN
menschlich,human,人类的,ADJ
Methode,method,方法,NOUN
Militär,military,军队,NOUN
Milliarde,billion,十亿,NOUN
Missverständnis,misunderstanding,误解,NOUN
Mitleid,pity,怜悯,NOUN
mittlerweile,meanwhile,同时,ADV
Modell,model,模型,NOUN
momentan,currently,目前,ADV
Moral,morals,道德,NOUN
Munition,ammunition,弹药,NOUN
Muster,pattern,图案,NOUN
möglicherweise,possibly,可能,ADV
möglichst,as possible,尽可能地,ADV
Mörderin,murderer (female),女凶手,NOUN
nachahmen,to imitate,模仿,VERB
Nachbarschaft,neighborhood,邻里,NOUN
nachlassen,to subside,减弱,VERB
nachschlagen,to look up,查阅,VERB
nachsehen,to check,检查,VERB
Nachteil,disadvantage,劣势,NOUN
nagen,to gnaw,啃咬,VERB
Nahrung,food,食物,NOUN
naiv,naive,天真的,ADJ
Narbe,scar,疤痕,NOUN
neidisch,envious,嫉妒的,ADJ
Neugier,curiosity,好奇,NOUN
Nichte,niece,侄女,NOUN
Niederlage,defeat,失败,NOUN
nirgends,nowhere,无处,ADV
Notaufnahme,emergency room,急诊室,NOUN
notwendig,necessary,必要的,ADJ
nutzlos,useless,无用的,ADJ
nüchtern,sober,清醒的,ADJ
nützen,to be useful,有用,VERB
Oberfläche,surface,表面,NOUN
Objekt,object,物体,NOUN
Offizier,officer,军官,NOUN
operieren,operate,做手术,VERB
Organisation,organization,组织,NOUN
organisiert,organized,有组织的,ADJ
Paradies,paradise,天堂,NOUN
Personal,staff,员工,NOUN
Persönlichkeit,personality,个性,NOUN
Pfarrer,pastor,牧师,NOUN
prahlen,to boast,吹嘘,VERB
Praxis,practice,实践,NOUN
Prinzip,principle,原则,NOUN
Priorität,priority,优先事项,NOUN
Privatleben,private life,私生活,NOUN
Privatsphäre,privacy,隐私,NOUN
Probe,sample,样品,NOUN
Produktion,production,生产,NOUN
Profil,profile,简介,NOUN
präsentieren,to present,展示,VERB
Psychiater,psychiatrist,精神科医生,NOUN
Puls,pulse,脉搏,NOUN
Qualität,quality,质量,NOUN
quasi,virtually,几乎,ADV
Rahmen,frame,框架,NOUN
Rauschen,noise,噪音,NOUN
reagieren,react,反应,VERB
Reaktion,reaction,反应,NOUN
Realität,reality,现实,NOUN
Rebell,rebel,反叛者,NOUN
reif,ripe,成熟的,ADJ
reizend,charming,迷人的,ADJ
relativ,relative,相对的,ADJ
Rente,pension,退休金,NOUN
Republik,republic,共和国,NOUN
respektieren,to respect,尊重,VERB
Rettung,rescue,救援,NOUN
Rhythmus,rhythm,节奏,NOUN
riskant,risky,有风险的,ADJ
ruhen,to rest,休息,VERB
Ruhestand,retirement,退休,NOUN
ruinieren,to ruin,毁坏,VERB
Saison,season,季节,NOUN
Sanitäter,paramedic,急救人员,NOUN
Sarg,coffin,棺材,NOUN
schaden,to harm,损害,VERB
scheinbar,seemingly,表面上,ADV
Schicht,layer,层,NOUN
Schlacht,battle,战役,NOUN
Schluchzen,sobbing,抽泣,NOUN
schluchzen,to sob,抽泣,VERB
Schnitt,cut,切口,NOUN
Schriftsteller,writer,作家,NOUN
Schwangerschaft,pregnancy,怀孕,NOUN
Schwäche,weakness,弱点,NOUN
schwächen,to weaken,削弱,VERB
schwören,to swear,发誓,VERB
schämen,to be ashamed,感到羞愧,VERB
seitdem,since then,从那以后,ADV
Sicht,view,视野,NOUN
siegen,to win,获胜,VERB
sinnlos,senseless,无意义的,ADJ
Skandal,scandal,丑闻,NOUN
Skulptur,sculpture,雕塑,NOUN
sowie,as well as,以及,CCONJ
sowohl,both,两者都,CCONJ
sozusagen,so to speak,可以说,ADV
spalten,to split,劈开,VERB
spenden,donate,捐赠,VERB
spontan,spontaneous,自发的,ADJ
Spruch,saying,格言,NOUN
stabil,stable,稳定的,ADJ
Staffel,season,季,NOUN
Stamm,trunk,树干,NOUN
Steuer,tax,税,NOUN
Stil,style,风格,NOUN
Stille,silence,寂静,NOUN
stoßen,bump,碰撞,VERB
Strecke,route,路线,NOUN
strömen,to flow,涌流,VERB
Stufe,step,台阶,NOUN
stundenlang,for hours,长达数小时的,ADJ
Sturz,fall,跌倒,NOUN
stürzen,to fall,跌倒,VERB
Summe,sum,总和,NOUN
säen,to sow,播种,VERB
Sünde,sin,罪,NOUN
taugen,to be good for,适用,VERB
Therapie,therapy,治疗,NOUN
Tonne,ton,吨,NOUN
Treffer,hit,击中,NOUN
treiben,to drive,驱赶,VERB
Trennung,separation,分离,NOUN
Treue,loyalty,忠诚,NOUN
Trost,comfort,安慰,NOUN
trotzen,to defy,违抗,VERB
Truppe,troop,部队,NOUN
Täter,perpetrator,肇事者,NOUN
tödlich,fatal,致命的,ADJ
umgeben,surround,包围,VERB
Umgebung,environment,环境,NOUN
umkehren,to turn back,返回,VERB
umso,all the more,更加,ADV
unangenehm,unpleasant,不愉快的,ADJ
ungewöhnlich,unusual,不寻常的,ADJ
unhöflich,impolite,不礼貌的,ADJ
unnötig,unnecessary,不必要的,ADJ
unsichtbar,invisible,看不见的,ADJ
unterbrechen,to interrupt,打断,VERB
Unterhaltung,entertainment,娱乐,NOUN
Unterlagen,documents,文件,NOUN
unterscheiden,to distinguish,区分,VERB
unterstreichen,to emphasize,强调,VERB
Ursache,cause,原因,NOUN
verabschieden,to dismiss,送别,VERB
verarbeiten,to process,加工,VERB
verbinden,to connect,连接,VERB
verblüffen,to astonish,使惊讶,VERB
verdauen,to digest,消化,VERB
verdeutlichen,to clarify,阐明,VERB
vereinfachen,to simplify,简化,VERB
verflucht,cursed,被诅咒的,ADJ
vergangen,past,过去的,ADJ
vergeben,to forgive,原谅,VERB
Vergleich,comparison,比较,NOUN
vergrößern,to enlarge,放大,VERB
verkürzen,to shorten,缩短,VERB
verlangen,to demand,要求,VERB
verlangsamen,to slow down,放慢,VERB
verlaufen,to proceed,进行,VERB
verlegen,embarrassed,尴尬的,ADJ
Verletzung,injury,伤害,NOUN
Verlierer,loser,失败者,NOUN
Verlust,loss,损失,NOUN
vermeiden,to avoid,避免,VERB
vermuten,to suspect,怀疑,VERB
vernachlässigen,to neglect,忽视,VERB
verneinen,to deny,否认,VERB
vernünftig,reasonable,合理的,ADJ
verschieben,to postpone,推迟,VERB
versichern,to insure,保证,VERB
Versicherung,insurance,保险,NOUN
Verständnis,understanding,理解,NOUN
verteilen,to distribute,分发,VERB
vertragen,to tolerate,忍受,VERB
Vertreter,representative,代表,NOUN
verwandeln,to transform,转变,VERB
verwandt,related,有亲属关系的,ADJ
Verwandte,relative,亲戚,NOUN
verwirklichen,to realize,实现,VERB
verzichten,to abstain,放弃,VERB
verzweifelt,desperate,绝望的,ADJ
verzögern,to delay,延迟,VERB
Veränderung,change,改变,NOUN
verärgert,annoyed,恼怒的,ADJ
vollständig,complete,完整的,ADJ
Vorbild,role model,榜样,NOUN
vorkommen,to occur,发生,VERB
Vortrag,lecture,报告,NOUN
vorübergehend,temporary,暂时的,ADJ
wagen,to dare,敢于,VERB
Ware,goods,商品,NOUN
warnen,to warn,警告,VERB
Warnung,warning,警告,NOUN
wehren,to defend oneself,抵御,VERB
Weisheit,wisdom,智慧,NOUN
weitergeben,to pass on,转交,VERB
Weltkrieg,world war,世界大战,NOUN
weltweit,worldwide,全世界的,ADJ
wenden,to turn,转向,VERB
Werk,work,作品,NOUN
wertvoll,valuable,有价值的,ADJ
weshalb,why,为什么,ADV
wessen,whose,谁的,DET
Wettbewerb,competition,竞争,NOUN
widerlich,disgusting,令人作呕的,ADJ
Wirklichkeit,reality,现实,NOUN
Wirkung,effect,效果,NOUN
Wirtschaft,economy,经济,NOUN
Wissenschaft,science,科学,NOUN
Wissenschaftler,scientist,科学家,NOUN
wobei,whereby,其中,ADV
womöglich,possibly,可能,ADV
wonach,after which,之后,ADV
wovor,from what,在什么之前,ADV
Zentrale,headquarters,总部,NOUN
Zeremonie,ceremony,仪式,NOUN
Zeugin,witness (female),女证人,NOUN
zornig,angry,愤怒的,ADJ
zueinander,to each other,相互,ADV
zugeben,to admit,承认,VERB
zurückkehren,to return,返回,VERB
zurücklassen,to leave behind,留下,VERB
Zusammenarbeit,cooperation,合作,NOUN
zusammenarbeiten,to cooperate,合作,VERB
zusammenbrechen,to collapse,崩溃,VERB
zusammensetzen,to assemble,组装,VERB
zusammenziehen,to contract,收缩,VERB
Zwischenzeit,meantime,期间,NOUN
zähmen,to tame,驯服,VERB
zögern,to hesitate,犹豫,VERB
äußerst,extremely,极其,ADV
öffentlich,public,公共的,ADJ
überraschend,surprising,令人惊讶的,ADJ
übersehen,to overlook,忽视,VERB
überstehen,to survive,挺过,VERB
Überstunde,overtime,加班,NOUN
übertreffen,to surpass,超过,VERB
übertrieben,exaggerated,夸张的,ADJ
überwinden,to overcome,克服,VERB
überzeugend,convincing,令人信服的,ADJ
üblich,usual,通常的,ADJ
abhalten,to hold,举行,VERB
ableiten,to derive,推导,VERB
Abneigung,aversion,反感,NOUN
abschaffen,to abolish,废除,VERB
Abstimmung,vote,表决,NOUN
abstrakt,abstract,抽象的,ADJ
abtragen,to wear down,磨损,VERB
abweisen,to reject,拒绝,VERB
abwenden,to turn away,转开,VERB
abwickeln,to process,处理,VERB
abändern,to modify,修改,VERB
ahnen,to suspect,预感,VERB
Akt,act,行为,NOUN
Aktie,stock,股票,NOUN
Analyse,analysis,分析,NOUN
anbeten,to worship,崇拜,VERB
anerkennen,to recognize,承认,VERB
Anfall,fit,发作,NOUN
anfertigen,to produce,制作,VERB
anfragen,to inquire,询问,VERB
Angeklagte,accused,被告,NOUN
Angeklagter,accused,被告,NOUN
Angelegenheit,matter,事情,NOUN
Anklage,accusation,指控,NOUN
anklagen,to accuse,指控,VERB
anknüpfen,to tie,联结,VERB
Anlass,occasion,场合,NOUN
anlegen,to invest,投资,VERB
anregen,to stimulate,激发,VERB
anrichten,to cause,造成,VERB
Anschauung,view,见解,NOUN
Anschlag,attack,袭击,NOUN
anspannen,to tense,绷紧,VERB
Anspruch,claim,要求,NOUN
Anstrengung,effort,努力,NOUN
ansässig,resident,定居的,ADJ
Anteil,share,份额,NOUN
antreten,to set off,出发,VERB
anvertrauen,to entrust,托付,VERB
anwachsen,to grow,增长,VERB
anweisen,to instruct,指示,VERB
Anwesenheit,presence,出席,NOUN
Argumentation,reasoning,论证,NOUN
aufbringen,to upset,使心烦意乱,VERB
aufdrängen,to impose,强加,VERB
Aufenthalt,stay,停留,NOUN
auffordern,to request,要求,VERB
aufgehoben,kept,被保存的,ADJ
Aufklärung,enlightenment,澄清,NOUN
Aufruhr,uproar,骚动,NOUN
Aufstand,uprising,起义,NOUN
aufwenden,to expend,耗费,VERB
augenscheinlich,obvious,显而易见的,ADJ
aushändigen,to hand over,交付,VERB
Auslegung,interpretation,解释,NOUN
ausnahmslos,without exception,无例外的,ADV
ausrichten,to align,对齐,VERB
aussagen,to testify,作证,VERB
ausschlaggebend,decisive,决定性的,ADJ
aussondern,to sort out,拣出,VERB
ausstatten,to equip,装备,VERB
auswerten,to evaluate,评估,VERB
Auswirkung,effect,影响,NOUN
ausüben,to practice,从事,VERB
beachtlich,considerable,可观的,ADJ
beanspruchen,to claim,要求,VERB
beaufsichtigen,to supervise,监督,VERB
beauftragen,to commission,委托,VERB
bedauerlich,regrettable,令人遗憾的,ADJ
bedauern,to regret,遗憾,VERB
bedenken,to consider,考虑,VERB
bedeutend,significant,重要的,ADJ
bedrohen,to threaten,威胁,VERB
bedrohlich,threatening,威胁的,ADJ
Bedrohung,threat,威胁,NOUN
Bedürfnis,need,需求,NOUN
Umweltverschmutzung,environmental pollution,环境污染,NOUN
Abgabetermin,submission deadline,提交期限,NOUN
Alleinerziehende,single parent,单亲家长,NOUN
Altersunterschied,age difference,年龄差异,NOUN
Anwaltskanzlei,law firm,律师事务所,NOUN
Arbeitsvertrag,employment contract,劳动合同,NOUN
Atomausstieg,nuclear phase-out,退出核能,NOUN
Aufmerksamkeitsstörung,attention deficit disorder,注意力障碍,NOUN
Auslandssemester,semester abroad,海外学期,NOUN
Baulärm,construction noise,施工噪音,NOUN
Betreuungsplatz,childcare spot,托育名额,NOUN
Bewerbungsfrist,application deadline,申请期限,NOUN
Bildungsgerechtigkeit,educational equity,教育公平,NOUN
Blutspendedienst,blood donation service,献血服务机构,NOUN
Bühnenautor,stage playwright,舞台剧作家,NOUN
Datenmissbrauch,data misuse,数据滥用,NOUN
Ehrenmord,honor killing,名誉杀人,NOUN
Einflussnahme,exertion of influence,施加影响,NOUN
Energiewende,energy transition,能源转型,NOUN
Erziehungsideal,educational ideal,教育理念,NOUN
Fehlernährung,malnutrition,营养不良,NOUN
Forenbeitrag,forum post,论坛帖子,NOUN
Geborgenheit,feeling of security,安全感,NOUN
Geltungsbedürfnis,need for recognition,求认可欲,NOUN
Geschäftsjahr,fiscal year,财年,NOUN
Gesundheitsreform,healthcare reform,医疗改革,NOUN
Hackergruppe,hacker group,黑客组织,NOUN
Herkunftsland,country of origin,原籍国,NOUN
Hörschwäche,hearing impairment,听力障碍,NOUN
Interessenkonflikt,conflict of interest,利益冲突,NOUN
Kalorienverbrauch,calorie consumption,卡路里消耗,NOUN
Klimawissenschaft,climate science,气候科学,NOUN
Kontrollverlust,loss of control,失去控制,NOUN
Kündigungsschutz,protection against dismissal,解雇保护,NOUN
Leistungsdruck,performance pressure,成绩压力,NOUN
Loyalitätskonflikt,loyalty conflict,忠诚冲突,NOUN
Marktlücke,market gap,市场空白,NOUN
Merkfähigkeit,memorization ability,记忆能力,NOUN
Missernte,poor harvest,歉收,NOUN
Moralvorstellung,moral concept,道德观念,NOUN
Nachhilfeunterricht,tutoring lessons,课外辅导,NOUN
Nebenkostenabrechnung,utility cost statement,附加费结算单,NOUN
Oppositionspartei,opposition party,反对党,NOUN
Pflegepersonal,nursing staff,护理人员,NOUN
Praktikumsplatz,internship spot,实习岗位,NOUN
Putzfrau,cleaning lady,清洁女工,NOUN
Sachverstand,expertise,专业知识,NOUN
beeinträchtigen,to impair,损害,VERB
abwracken,scrap a vessel,报废拆解,VERB
anschwärzen,slander,诽谤,VERB
ausdünnen,thin out,稀释,VERB
ausmisten,clear out,彻底清理,VERB
belustigen,amuse,逗乐,VERB
durchleuchten,scrutinize thoroughly,彻底审查,VERB
empören,outrage,激怒义愤,VERB
erörtern,discuss; deliberate,讨论商议,VERB
inszenieren,staged production of,策划上演,VERB
mitfinanzieren,co-finance,共同出资,VERB
mitzählen,count as part,一并计入,VERB
nachsitzen,sit in as punishment,留堂补课,VERB
trampeln,stomp,踩踏,VERB
umkreisen,circle around,环绕围绕,VERB
umstrukturieren,restructure,重组改造,VERB
verkümmern,wither away,萎缩衰败,VERB
dämmen,dam up; embank,筑坝拦挡,VERB
wirksam,effective,有效的,ADJ
überfordert,overwhelmed,不堪重负的,ADJ
atemlos,breathless,气喘吁吁的,ADJ
bemitleidenswert,pitiable,令人怜悯的,ADJ
differenziert,differentiated; nuanced,细致入微的,ADJ
gefühlsduselig,sentimental,多愁善感的,ADJ
immerwährend,everlasting,永恒持续的,ADJ
leichtsinnig,reckless,轻率鲁莽的,ADJ
mühselig,laborious,费劲辛苦的,ADJ
sprachgewandt,articulate,善于表达的,ADJ
unbeirrbar,unwavering,坚定不移的,ADJ
ungemütlich,uncomfortable; unpleasant,不自在不舒适的,ADJ
verletzlich,vulnerable,敏感易受伤的,ADJ
verwöhnt,spoiled,被惯坏的,ADJ
unterdessen,meanwhile,在此期间,ADV
allemal,in any case; certainly,无论如何,ADV
bemerkenswerterweise,remarkably,值得注意地,ADV
ebensowenig,no less; neither,同样不,ADV
sichtlich,visibly,明显地,ADV
haufenweise,in heaps; aplenty,成堆大量地,ADV
hinreichend,sufficiently; adequately,充分足够地,ADV
mithin,thus; consequently,从而因此,ADV
notgedrungen,unwillingly; of necessity,迫不得已,ADV
regelrecht,downright; properly,彻头彻尾地,ADV
stückweise,piece by piece,零散成块地,ADV
befassen,to deal with,从事,VERB
befehlen,to order,命令,VERB
befolgen,to follow,遵守,VERB
befragen,to question,询问,VERB
Befragung,questioning,询问,NOUN
Befreiung,liberation,解放,NOUN
befriedigen,to satisfy,满足,VERB
befriedigend,satisfactory,令人满意的,ADJ
Beförderung,promotion,提升,NOUN
begegnen,to encounter,遇见,VERB
begehen,to commit,犯(罪),VERB
beglaubigen,to certify,公证,VERB
Begleitung,company,陪伴,NOUN
Begriff,concept,概念,NOUN
begründen,to justify,说明理由,VERB
Begründung,justification,理由,NOUN
behaupten,to claim,声称,VERB
beherrschen,to master,掌握,VERB
behilflich,helpful,乐于助人的,ADJ
behutsam,careful,谨慎的,ADJ
Beihilfe,aid,援助,NOUN
beilegen,to enclose,附上,VERB
beiläufig,casual,顺便地,ADV
beistehen,to stand by,支持,VERB
beitragen,to contribute,贡献,VERB
bekennen,to confess,承认,VERB
beklagen,to complain,哀叹,VERB
bekämpfen,to fight,对抗,VERB
beladen,to load,装载,VERB
belanglos,insignificant,无关紧要的,ADJ
belasten,to burden,使负担,VERB
belegen,to occupy,占用,VERB
benachbart,neighboring,邻近的,ADJ
benachrichtigen,to notify,通知,VERB
benennen,to name,命名,VERB
Beobachtung,observation,观察,NOUN
Berufung,calling,使命,NOUN
berücksichtigen,to consider,顾及,VERB
beschaffen,to procure,获取,VERB
beschissen,shitty,糟糕的,ADJ
beschränken,to restrict,限制,VERB
beschäftigen,to occupy,使忙碌,VERB
beseitigen,to eliminate,消除,VERB
Besonderheit,specialty,特殊性,NOUN
Bestimmung,destiny,规定,NOUN
bestärken,to strengthen,加强,VERB
beteuern,to assure,保证,VERB
Betracht,consideration,考虑,NOUN
betreffend,concerning,关于,ADP
betriebsam,busy,繁忙的,ADJ
Betrug,fraud,欺诈,NOUN
beträchtlich,considerable,相当大的,ADJ
betäuben,to anesthetize,麻醉,VERB
beunruhigend,alarming,令人不安的,ADJ
beurteilen,to judge,判断,VERB
Beurteilung,judgment,评价,NOUN
bewahren,to preserve,保存,VERB
bewirken,to cause,引起,VERB
bewohnen,to inhabit,居住,VERB
Bewusstsein,consciousness,意识,NOUN
bezweifeln,to doubt,怀疑,VERB
bezüglich,regarding,关于,ADP
Botschafter,ambassador,大使,NOUN
Branche,industry,行业,NOUN
Brand,fire,火灾,NOUN
deinetwegen,for your sake,为了你,ADV
dennoch,nevertheless,尽管如此,ADV
Diebstahl,theft,盗窃,NOUN
Diener,servant,仆人,NOUN
Doktortitel,doctorate,博士学位,NOUN
Drohung,threat,威胁,NOUN
Dummkopf,fool,傻瓜,NOUN
durchaus,absolutely,完全地,ADV
durchführen,to carry out,实施,VERB
durchgehen,to go through,穿过,VERB
durchsetzen,to enforce,贯彻,VERB
ehren,to honor,尊敬,VERB
eignen,to be suited,适合,VERB
Einbildung,delusion,幻想,NOUN
eingehen,to enter into,达成,VERB
eingreifen,to intervene,干预,VERB
Einigkeit,unity,团结,NOUN
einräumen,to grant,让步,VERB
Einschätzung,assessment,评估,NOUN
einschüchtern,to intimidate,恐吓,VERB
eintreten,to step in,介入,VERB
einweihen,to inaugurate,启用,VERB
einwilligen,to agree,同意,VERB
einwirken,to act on,影响,VERB
empfinden,to feel,感觉,VERB
Empfindung,sensation,感受,NOUN
Empörung,outrage,愤慨,NOUN
entführen,to kidnap,绑架,VERB
Entführer,kidnapper,绑架者,NOUN
Entführung,kidnapping,绑架,NOUN
entgegen,against,逆,ADP
entgehen,to escape,逃脱,VERB
Entschlossenheit,determination,果断,NOUN
entsprechen,to correspond,符合,VERB
Entstehung,origin,起源,NOUN
erbauen,to build,建造,VERB
erbitten,to request,请求,VERB
erbärmlich,pitiful,可怜的,ADJ
erdenken,to devise,设想,VERB
erdulden,to endure,忍受,VERB
erfordern,require,需要,VERB
erforschen,to explore,探究,VERB
erfreuen,to please,使高兴,VERB
erheben,to raise,提出,VERB
Erkenntnis,insight,认识,NOUN
erlassen,to issue,颁布,VERB
ermahnen,to admonish,告诫,VERB
ermitteln,investigate,调查,VERB
Ermittler,investigator,调查员,NOUN
Ermittlung,investigation,调查,NOUN
ermüden,to tire,使疲倦,VERB
ernennen,to appoint,任命,VERB
erproben,to test,试验,VERB
errechnen,to calculate,算出,VERB
erregen,to arouse,引起,VERB
errichten,to erect,建造,VERB
erschaffen,to create,创造,VERB
erschöpfen,to exhaust,使精疲力竭,VERB
Erschütterung,shock,震动,NOUN
erwecken,to awaken,唤醒,VERB
erweisen,to prove,证明,VERB
Erweiterung,expansion,扩展,NOUN
erwidern,to reply,回复,VERB
Erwägung,consideration,考虑,NOUN
erzeugen,to produce,生产,VERB
Erzeugnis,product,产品,NOUN
Ewigkeit,eternity,永恒,NOUN
Existenz,existence,存在,NOUN
Fassung,composure,镇定,NOUN
festigen,to consolidate,巩固,VERB
festlegen,to determine,确定,VERB
festsetzen,to fix,设定,VERB
feststellen,to establish,确定,VERB
Fiktion,fiction,虚构,NOUN
flehen,to plead,恳求,VERB
Folter,torture,酷刑,NOUN
fordern,to demand,要求,VERB
Forderung,demand,要求,NOUN
Forschung,research,研究,NOUN
fortsetzen,to continue,继续,VERB
Furcht,fear,恐惧,NOUN
gefährdet,endangered,濒危的,ADJ
Gegenstand,object,物品,NOUN
Geheimdienst,secret service,情报机构,NOUN
Gemeinde,community,社区,NOUN
Gemeinsamkeit,commonality,共同点,NOUN
Gemeinschaft,community,共同体,NOUN
Gemeinwohl,common good,公共利益,NOUN
Genehmigung,approval,批准,NOUN
Geschrei,screaming,尖叫,NOUN
Geschworene,juror,陪审员,NOUN
Gesichtspunkt,viewpoint,观点,NOUN
Gesinnung,mindset,信念,NOUN
gestalten,to shape,塑造,VERB
gewiss,certain,确定的,ADJ
Gleichberechtigung,equality,平等,NOUN
Gleichheit,equality,平等,NOUN
Gnade,mercy,仁慈,NOUN
Gouverneur,governor,总督,NOUN
Grundsatz,principle,原则,NOUN
Grundstück,property,地产,NOUN
haften,to be liable,负责,VERB
Handel,trade,贸易,NOUN
Handlung,action,行动,NOUN
Harmonie,harmony,和谐,NOUN
Heil,salvation,拯救,NOUN
hemmen,to hinder,阻碍,VERB
herabsetzen,to reduce,降低,VERB
heran,near,靠近,ADV
Herrschaft,rule,统治,NOUN
Herrscher,ruler,统治者,NOUN
hervorrufen,to cause,引起,VERB
Hinsicht,respect,方面,NOUN
identifizieren,identify,识别,VERB
Identität,identity,身份,NOUN
Imitation,imitation,模仿,NOUN
inwiefern,to what extent,在何种程度上,ADV
Irrtum,mistake,错误,NOUN
jenseits,beyond,在...另一侧,ADP
Kacke,crap,屎,NOUN
Kanzlei,law firm,律师事务所,NOUN
Kaution,deposit,押金,NOUN
Kenntnis,knowledge,知识,NOUN
Kennzeichen,license plate,车牌,NOUN
Kern,core,核心,NOUN
Klage,complaint,投诉,NOUN
Klang,sound,声音,NOUN
Klarheit,clarity,清晰,NOUN
Klient,client,客户,NOUN
Kongress,congress,大会,NOUN
Konkurrenz,competition,竞争,NOUN
Konsequenz,consequence,后果,NOUN
Konzept,concept,概念,NOUN
kooperieren,cooperate,合作,VERB
Kummer,sorrow,悲伤,NOUN
Last,burden,负担,NOUN
lasten,to weigh,负担,VERB
lauschen,to listen,倾听,VERB
Leere,emptiness,空虚,NOUN
leugnen,to deny,否认,VERB
Loyalität,loyalty,忠诚,NOUN
lähmen,to paralyze,使瘫痪,VERB
mahnen,to remind,提醒,VERB
Mandant,client,客户,NOUN
Mangel,deficiency,缺乏,NOUN
Manier,manner,方式,NOUN
misslingen,to fail,失败,VERB
Mitschuld,complicity,共犯,NOUN
Mordfall,murder case,谋杀案,NOUN
Nachfolger,successor,继任者,NOUN
Nationalsozialist,Nazi,纳粹分子,NOUN
nähern,approach,靠近,VERB
nötigen,to compel,迫使,VERB
offenbaren,to reveal,揭示,VERB
opfern,sacrifice,牺牲,VERB
Orden,order,勋章,NOUN
Panzer,tank,坦克,NOUN
predigen,to preach,布道,VERB
Premierminister,prime minister,总理,NOUN
Pressekonferenz,press conference,新闻发布会,NOUN
Protokoll,protocol,协议,NOUN
Rasse,breed,品种,NOUN
Raub,robbery,抢劫,NOUN
Reichtum,wealth,财富,NOUN
Reichweite,range,范围,NOUN
richten,to direct,对准,VERB
ringen,to wrestle,搏斗,VERB
Ruhm,fame,名声,NOUN
rächen,to avenge,报仇,VERB
Rückkehr,return,返回,NOUN
Rückzug,retreat,撤退,NOUN
Schande,shame,耻辱,NOUN
Scheck,check,支票,NOUN
Schein,glow,光芒,NOUN
schleichen,to sneak,潜行,VERB
schleifen,to grind,磨,VERB
Segen,blessing,祝福,NOUN
Sehnsucht,longing,渴望,NOUN
sichten,to sift,筛选,VERB
sickern,to seep,渗出,VERB
soeben,just now,刚刚,ADV
stammen,to originate,起源于,VERB
Standort,location,位置,NOUN
steigern,to increase,提高,VERB
Stellung,position,位置,NOUN
Stiftung,foundation,基金会,NOUN
Strategie,strategy,策略,NOUN
streben,to strive,努力,VERB
Studie,study,研究,NOUN
stützen,to support,支撑,VERB
Trauer,grief,悲伤,NOUN
Umgang,handling,交往,NOUN
Umstand,circumstance,情况,NOUN
Unrecht,injustice,不义,NOUN
Unschuld,innocence,无辜,NOUN
unterbinden,to prohibit,阻止,VERB
unterbrochen,interrupted,被打断的,ADJ
unterdrücken,to suppress,镇压,VERB
unterlassen,to omit,省略,VERB
unterliegen,to be subject to,从属,VERB
untersagen,to forbid,禁止,VERB
unterschlagen,to embezzle,侵吞,VERB
unterschätzen,to underestimate,低估,VERB
unterstellen,to subordinate,从属,VERB
Urteil,judgment,判决,NOUN
urteilen,to judge,评判,VERB
verachten,to despise,鄙视,VERB
verarmen,to become poor,变穷,VERB
verarschen,to bullshit,愚弄,VERB
verarscht,bullshitted,被愚弄的,ADJ
verbergen,to conceal,隐藏,VERB
verbleiben,to remain,停留,VERB
verbreiten,to spread,传播,VERB
verbreitet,widespread,普遍的,ADJ
verdanken,to owe,归功于,VERB
verdrängen,to repress,排挤,VERB
Verdächtige,suspect,嫌疑人,NOUN
Vereinbarung,agreement,协议,NOUN
vereinigt,united,联合的,ADJ
vereiteln,to thwart,挫败,VERB
Verfahren,procedure,程序,NOUN
verfassen,to write,撰写,VERB
verfehlen,to miss,错过,VERB
verfälschen,to falsify,歪曲,VERB
Verfügung,disposal,处置,NOUN
Vergebung,forgiveness,宽恕,NOUN
vergewaltigen,to rape,强奸,VERB
Vergewaltigung,rape,强奸,NOUN
Verhaftung,arrest,逮捕,NOUN
Verhandlung,negotiation,谈判,NOUN
verheimlichen,to conceal,隐瞒,VERB
verherrlichen,to glorify,美化,VERB
Verhältnis,relationship,关系,NOUN
verklagen,to sue,起诉,VERB
verkünden,to proclaim,宣布,VERB
verleihen,to lend,借出,VERB
vermehren,to increase,增加,VERB
vermitteln,to mediate,调解,VERB
Vermutung,assumption,假设,NOUN
Vermögen,fortune,财产,NOUN
Verrat,treason,背叛,NOUN
verrichten,to perform,执行,VERB
verschaffen,to procure,弄到,VERB
versehen,to perform (a duty); to equip,弄错,VERB
versiegeln,to seal,密封,VERB
verspotten,to mock,嘲笑,VERB
verstoßen,to violate,违反,VERB
verstreichen,to elapse,流逝,VERB
verstummen,to fall silent,沉默,VERB
Verstärkung,reinforcement,增援,NOUN
Verteidigung,defense,防御,NOUN
vertreten,to represent,代表,VERB
verwalten,to administer,管理,VERB
verweigern,to refuse,拒绝,VERB
verwickeln,to involve,卷入,VERB
verwischen,to blur,模糊,VERB
verzerren,to distort,扭曲,VERB
Verzweiflung,despair,绝望,NOUN
vollenden,to complete,完成,VERB
voraussetzen,to presuppose,以...为前提,VERB
vorenthalten,to withhold,扣留,VERB
vorschreiben,to prescribe,规定,VERB
Vorsitzende,chairperson,主席,NOUN
Vorstand,board,董事会,NOUN
vorziehen,to prefer,偏爱,VERB
wandeln,to transform,改变,VERB
weichen,to yield,退让,VERB
weisen,to point,指向,VERB
welken,to wilt,枯萎,VERB
widerlegen,to refute,反驳,VERB
widerrufen,to revoke,撤回,VERB
Widerstand,resistance,抵抗,NOUN
widerstehen,to resist,抵抗,VERB
Wille,will,意志,NOUN
wüten,to rage,狂怒,VERB
Zerstörung,destruction,破坏,NOUN
zeugen,to testify,作证,VERB
Zivilist,civilian,平民,NOUN
zugelassen,admitted,获准的,ADJ
Zugriff,access,访问,NOUN
zurückziehen,to retreat,撤退,VERB
Zusammenhang,context,联系,NOUN
zusichern,to assure,保证,VERB
zustellen,to deliver,投递,VERB
Zustimmung,agreement,同意,NOUN
Zweck,purpose,目的,NOUN
Öffentlichkeit,public,公众,NOUN
Überfall,robbery,抢劫,NOUN
überfallen,to attack,袭击,VERB
übergeben,to hand over,移交,VERB
überlassen,to leave to,留给,VERB
übertragen,to transmit,传输,VERB
überwachen,to monitor,监控,VERB
Abschaum,scum,人渣,NOUN
Abstraktion,abstraction,抽象,NOUN
anfallen,to accrue,产生,VERB
anfechten,to challenge,质疑,VERB
angemessen,appropriate,适当的,ADJ
ausschöpfen,to exhaust,充分利用,VERB
aussetzen,to expose,使暴露,VERB
bedrängen,to pressurize,逼迫,VERB
befähigen,to enable,使能够,VERB
begehren,to desire,渴望,VERB
bekunden,to express,表达,VERB
beliefern,to supply,供货,VERB
bemessen,to measure,计量,VERB
bergen,to recover,营救,VERB
besiedeln,to settle,定居,VERB
besinnen,to reflect,思考,VERB
bevölkern,to populate,居住,VERB
bewahrheiten,to verify,证实,VERB
bewilligen,to approve,批准,VERB
Bewährung,probation,缓刑,NOUN
bezeichnen,to designate,指定,VERB
Bezug,reference,关联,NOUN
Einspruch,objection,异议,NOUN
Erbe,inheritance,遗产,NOUN
erfassen,record,记录,VERB
ergreifen,seize,抓住,VERB
ermorden,murder,谋杀,VERB
erpressen,blackmail,勒索,VERB
Erpressung,blackmail,勒索,NOUN
erteilen,to grant,给予,VERB
Fahndung,manhunt,搜捕,NOUN
Fehlleistung,error,失误,NOUN
ficken,fuck,性交,VERB
gelangen,to reach,到达,VERB
Gelände,terrain,地形,NOUN
genesen,to recover,痊愈,VERB
gestehen,confess,承认,VERB
Gleichgewicht,balance,平衡,NOUN
gären,to ferment,发酵,VERB
Heilmittel,remedy,药物,NOUN
Hurensohn,son of a bitch,混蛋,NOUN
Körperverletzung,bodily harm,人身伤害,NOUN
missachten,to disregard,无视,VERB
missbilligen,to disapprove,不赞成,VERB
missbrauchen,abuse,滥用,VERB
Mitgefühl,sympathy,同情,NOUN
Nutte,whore,妓女,NOUN
ohnmächtig,unconscious,昏迷的,ADJ
Staatsanwaltschaft,prosecutor's office,检察院,NOUN
Tatwaffe,murder weapon,凶器,NOUN
täuschen,deceive,欺骗,VERB
Verhör,interrogation,审讯,NOUN
Selbstbewusstsein,self-confidence,自信,NOUN
Absatzmarkt,sales market,销售市场,NOUN
Altbauwohnung,apartment in old building,老式公寓,NOUN
Anklang,resonance; approval,共鸣,NOUN
Anwesenheitspflicht,attendance requirement,出勤义务,NOUN
Artenschutz,species conservation,物种保护,NOUN
Atomendlager,final nuclear storage site,核废料最终处置库,NOUN
Ausbildungsplatz,apprenticeship position,职业培训岗位,NOUN
Ausländerbehörde,foreigners office,外国人管理局,NOUN
Bergung,rescue; salvage,营救,NOUN
Betriebsrat,works council,企业职工委员会,NOUN
Bewerbungsmappe,application folder,求职材料夹,NOUN
Bildungsprivileg,educational privilege,教育特权,NOUN
Brustkrebs,breast cancer,乳腺癌,NOUN
Bühnenbild,stage set,舞台布景,NOUN
Datenpanne,data breach,数据事故,NOUN
Eigenbrötelei,idiosyncrasy,特立独行,NOUN
Einsparung,saving; cut,节省,NOUN
Engpass,bottleneck,瓶颈,NOUN
Fachkräftemangel,skilled labor shortage,专业人才短缺,NOUN
Feinstaubbelastung,particulate pollution,颗粒物污染,NOUN
Freizeitgestaltung,leisure planning,休闲安排,NOUN
Gedächtnisleistung,memory performance,记忆能力,NOUN
Genussfähigkeit,capacity for enjoyment,享受能力,NOUN
Gesellschaftskritik,social criticism,社会批判,NOUN
Gesundheitszustand,state of health,健康状况,NOUN
Haftstrafe,prison sentence,监禁刑罚,NOUN
Hilflosigkeit,helplessness,无助,NOUN
Immobilienmarkt,real estate market,房地产市场,NOUN
Internetnutzer,internet user,互联网用户,NOUN
Kaufkraftverfall,loss of purchasing power,购买力下降,NOUN
Kohleausstieg,coal phase-out,退出煤炭,NOUN
Konzentrationsstörung,concentration disorder,专注力障碍,NOUN
Lehrstellenkrise,apprenticeship shortage crisis,学徒岗位危机,NOUN
Leistungsnachweis,proof of achievement,成绩证明,NOUN
Luftqualität,air quality,空气质量,NOUN
Medienlandschaft,media landscape,媒体格局,NOUN
Mietverhältnis,tenancy relationship,租赁关系,NOUN
Missklang,discord; dissonance,不和谐,NOUN
Musiklabel,music label,音乐厂牌,NOUN
Nachrichtendienst,intelligence service,情报部门,NOUN
Nettolohn,net wage,税后工资,NOUN
Personalabteilung,HR department,人事部门,NOUN
Pflegeversicherung,long-term care insurance,护理保险,NOUN
Probezeit,probation period,试用期,NOUN
Rechtsstaat,state under the rule of law,法治国家,NOUN
Sachzwang,constraint of circumstances,客观形势所迫,NOUN
nachweisen,to prove,证明,VERB
ankurbeln,stimulate; boost,刺激推动,VERB
anzetteln,instigate; plot,策划挑起,VERB
ausholen,take a swing; elaborate,挥臂展开,VERB
ausschenken,serve drinks,斟酒售卖,VERB
bescheren,bring; bestow,带来赐予,VERB
eindecken,stock up on,备足囤货,VERB
entgegentreten,oppose; confront,迎击对抗,VERB
fortschreiben,keep updating,持续更新,VERB
kaschieren,gloss over; cover up,掩饰粉饰,VERB
mitgestalten,co-shape,共同塑造,VERB
mühen,strive laboriously,辛劳操劳,VERB
nachzeichnen,trace; retrace,描摹再现,VERB
umbauen,refurbish; rebuild,翻修改建,VERB
umplanen,reschedule,重新规划,VERB
verharmlosen,trivialize,淡化轻描,VERB
verrutschen,slip out of place,挪位滑脱,VERB
vorbeugen,prevent,预防,VERB
sinnvoll,sensible; meaningful,有意义的,ADJ
absonderlich,peculiar,古怪的,ADJ
atmungsaktiv,breathable,透气吸汗的,ADJ
berauschend,intoxicating; exhilarating,令人陶醉的,ADJ
eigenwillig,idiosyncratic; stubborn,我行我素的,ADJ
gehaltlos,devoid of substance,空洞无物的,ADJ
krisenanfällig,crisis-prone,易受危机冲击的,ADJ
lohnenswert,worthwhile,值得做的,ADJ
naturnah,close to nature,贴近自然的,ADJ
spöttisch,mocking,嘲弄讥讽的,ADJ
unentschlossen,undecided,犹豫不决的,ADJ
untauglich,unsuitable,不适用无效的,ADJ
verschwiegen,discreet,守口如瓶的,ADJ
vollmundig,sweeping; grand,夸大其词的,ADJ
hingegen,whereas,相反,ADV
anstandslos,without protest,毫无异议地,ADV
demgemäß,in accordance with this,据此,ADV
ersatzweise,as a substitute,作为替代,ADV
stellenweise,in places; sporadically,零星局部地,ADV
hemmungslos,unrestrained,毫无节制地,ADV
jüngst,recently,最近,ADV
nachweislich,verifiably; provably,有据可查地,ADV
nunmehr,now; henceforth,从现在起,ADV
schlagartig,abruptly,突然骤然,ADV
unwissentlich,unknowingly,不知不觉地,ADV
