Chinese_Lemma,English_Lemma,Chinese_Lemma,POS
装,clothing,装,NOUN
传,pass on,传,VERB
单,single,单,ADJ
通,to pass through,通,VERB
老百姓,ordinary people,老百姓,NOUN
胆小鬼,coward,胆小鬼,NOUN
背景,background,背景,NOUN
胜利,victory,胜利,NOUN
能干,capable,能干,ADJ
自从,since,自从,ADP
自信,self-confident,自信,ADJ
自私,selfish,自私,ADJ
舍不得,to be reluctant to part with,舍不得,VERB
舒适,comfortable,舒适,ADJ
英雄,hero,英雄,NOUN
落后,to fall behind,落后,VERB
表现,to perform,表现,VERB
表面,surface,表面,NOUN
观察,observation,观察,NOUN
规则,rule,规则,NOUN
规矩,rule,规矩,NOUN
角色,role,角色,NOUN
计算,calculation,计算,NOUN
训练,training,训练,NOUN
记录,record,记录,NOUN
记忆,memory,记忆,NOUN
试卷,exam paper,试卷,NOUN
话题,topic,话题,NOUN
说不定,perhaps,说不定,ADV
课程,course,课程,NOUN
资料,data,资料,NOUN
赞成,to approve,赞成,VERB
趁,to avail oneself of,趁,ADP
身份,identity,身份,NOUN
软件,software,软件,NOUN
辞职,to resign,辞职,VERB
达到,to reach,达到,VERB
退休,to retire,退休,VERB
通常,usually,通常,ADV
造成,to cause,造成,VERB
道理,reason,道理,NOUN
重复,to repeat,重复,VERB
陌生,strange,陌生,ADJ
除非,unless,除非,SCONJ
随时,at any time,随时,ADV
隔壁,next door,隔壁,NOUN
难怪,no wonder,难怪,ADV
预报,forecast,预报,NOUN
领导,leader,领导,NOUN
题目,topic,题目,NOUN
一模一样,exactly the same,一模一样,ADJ
不准,not allowed,不准,ADJ
不对劲,abnormal,不对劲,ADJ
丢人,shameful,丢人,ADJ
丢脸,lose face,丢脸,VERB
主角,protagonist,主角,NOUN
主题,theme,主题,NOUN
之一,one of,之一,NOUN
事实上,in fact,事实上,ADV
保安,security guard,保安,NOUN
做法,practice,做法,NOUN
加入,to join,加入,VERB
口音,accent,口音,NOUN
基本上,basically,基本上,ADV
大胆,bold,大胆,ADJ
提出,put forward,提出,VERB
肯定,affirm,肯定,VERB
证明,prove,证明,VERB
研究,research,研究,VERB
无论,no matter,无论,SCONJ
拜托,please,拜托,VERB
耽误,to delay,耽误,VERB
至于,as for,至于,ADP
观点,viewpoint,观点,NOUN
眼下,present,眼下,NOUN
联合,to unite,联合,VERB
自愿,voluntary,自愿,ADJ
良好,good,良好,ADJ
节省,to save,节省,VERB
苗条,slim,苗条,ADJ
营养,nutrition,营养,NOUN
行为,behavior,行为,NOUN
行人,pedestrian,行人,NOUN
行动,action,行动,NOUN
角度,angle,角度,NOUN
论文,thesis,论文,NOUN
设备,equipment,设备,NOUN
证件,identification,证件,NOUN
证据,evidence,证据,NOUN
语气,tone,语气,NOUN
请求,to request,请求,VERB
调皮,naughty,调皮,ADJ
谜语,riddle,谜语,NOUN
象棋,Chinese chess,象棋,NOUN
账户,account,账户,NOUN
费用,cost,费用,NOUN
资源,resource,资源,NOUN
蹲,to crouch,蹲,VERB
身材,figure,身材,NOUN
转告,to pass on,转告,VERB
轮流,to alternate,轮流,VERB
辅导,to coach,辅导,VERB
输入,to input,输入,VERB
过分,excessive,过分,ADJ
过敏,to be allergic,过敏,VERB
过期,to be overdue,过期,VERB
迎接,to meet,迎接,VERB
进口,to import,进口,VERB
连忙,promptly,连忙,ADV
追求,to pursue,追求,VERB
透明,transparent,透明,ADJ
部门,department,部门,NOUN
采访,to interview,采访,VERB
重量,weight,重量,NOUN
键盘,keyboard,键盘,NOUN
闪电,lightning,闪电,NOUN
闯,rush,闯,VERB
降落,land,降落,VERB
除夕,New Year's Eve,除夕,NOUN
集中,concentrate,集中,VERB
青少年,adolescent,青少年,NOUN
青春,youth,青春,NOUN
面积,area,面积,NOUN
鞭炮,firecracker,鞭炮,NOUN
项目,project,项目,NOUN
预订,to book,预订,VERB
频道,channel,频道,NOUN
风格,style,风格,NOUN
飘,to float,飘,VERB
驾驶,to drive,驾驶,VERB
高速,high-speed,高速,ADJ
麦克风,microphone,麦克风,NOUN
黄金,gold,黄金,NOUN
一向,always,一向,ADV
一团糟,a mess,一团糟,ADJ
一流,first-class,一流,ADJ
上升,to rise,上升,VERB
上天,heaven,上天,NOUN
上瘾,to be addicted,上瘾,VERB
下降,to descend,下降,VERB
不可,cannot,不可,AUX
不幸,unfortunate,不幸,ADJ
不愿,unwilling,不愿,VERB
不成,won't do,不成,VERB
不明,unclear,不明,ADJ
不止,more than,不止,ADV
不肯,refuse,不肯,VERB
不论,no matter,不论,CCONJ
中央,central,中央,ADJ
串,to string together,串,VERB
为止,up to,为止,ADP
主任,director,主任,NOUN
之上,above,之上,ADP
之下,below,之下,ADP
之中,among,之中,ADP
之内,within,之内,ADP
之外,besides,之外,ADP
之类,and so on,之类,NOUN
乐趣,delight,乐趣,NOUN
乐队,band,乐队,NOUN
乡村,countryside,乡村,NOUN
书法,calligraphy,书法,NOUN
买卖,business trade,买卖,NOUN
乱来,to act wildly to act recklessly,乱来,VERB
事业,undertaking,事业,NOUN
事件,event,事件,NOUN
事故,accident,事故,NOUN
井,a well,井,NOUN
交谈,to converse,交谈,VERB
亲手,personally,亲手,ADV
人工,artificial,人工,ADJ
人数,number of people,人数,NOUN
人群,crowd,人群,NOUN
仅,only,仅,ADV
仅仅,only,仅仅,ADV
今后,from now on,今后,ADV
介意,to mind,介意,VERB
仍,still,仍,ADV
从未,never,从未,ADV
付出,to pay,付出,VERB
休假,leave,休假,NOUN
会长,chairman,会长,NOUN
伤害,harm,伤害,VERB
伯母,aunt,伯母,NOUN
佛,Buddha,佛,NOUN
依靠,to rely on,依靠,VERB
侦探,detective,侦探,NOUN
保住,to keep,保住,VERB
保姆,nanny,保姆,NOUN
保密,to keep confidential,保密,VERB
保重,to take care of oneself,保重,VERB
修理,to repair,修理,VERB
偶像,idol,偶像,NOUN
伤害,harm,伤害,NOUN
傻子,fool,傻子,NOUN
元宵节,Lantern Festival,元宵节,NOUN
先进,advanced (technology),先进,ADJ
党,party,党,NOUN
全体,all,全体,NOUN
全力,full power,全力,NOUN
全新,brand new,全新,ADJ
全球,global,全球,NOUN
公安局,public security bureau,公安局,NOUN
关注,to pay attention to,关注,VERB
兼职,part-time job,兼职,NOUN
内心,inner heart,内心,NOUN
内裤,underpants,内裤,NOUN
写作,writing,写作,NOUN
军人,soldier,军人,NOUN
军队,army,军队,NOUN
农历,lunar calendar,农历,NOUN
农场,farm,农场,NOUN
冲动,impulse,冲动,NOUN
创业,to start a business,创业,VERB
创新,innovation,创新,NOUN
别说,let alone,别说,ADV
刹车,to brake,刹车,VERB
前进,to advance,前进,VERB
剧院,theater,剧院,NOUN
副,deputy,副,ADJ
割,to cut,割,VERB
加速,to accelerate,加速,VERB
动手,to start,动手,VERB
助手,assistant,助手,NOUN
助理,assistant,助理,NOUN
包装,to pack,包装,VERB
化妆,to put on makeup,化妆,VERB
医疗,medical care,医疗,NOUN
单身,single,单身,ADJ
占,to occupy,占,VERB
即将,soon,即将,ADV
压岁钱,lucky money,压岁钱,NOUN
原先,former,原先,ADJ
原本,originally,原本,ADV
双胞胎,twin,双胞胎,NOUN
发出,to send out,发出,VERB
发呆,to stare blankly,发呆,VERB
发型,hairstyle,发型,NOUN
发布,to release,发布,VERB
发火,to lose one's temper,发火,VERB
发疯,to go crazy,发疯,VERB
发誓,to vow,发誓,VERB
发财,to get rich,发财,VERB
取得,to obtain,取得,VERB
受够了,to have had enough,受够了,VERB
口气,tone,口气,NOUN
可不是,indeed,可不是,ADV
可笑,ridiculous,可笑,ADJ
可能性,possibility,可能性,NOUN
台风,typhoon,台风,NOUN
叹气,to sigh,叹气,VERB
名单,list,名单,NOUN
后退,retreat,后退,VERB
吓人,scary,吓人,ADJ
吵醒,to wake up,吵醒,VERB
吹牛,to brag,吹牛,VERB
商人,merchant,商人,NOUN
喉咙,throat,喉咙,NOUN
嘴唇,lip,嘴唇,NOUN
四处,everywhere,四处,ADV
回复,reply,回复,VERB
圣诞,Christmas,圣诞,NOUN
在意,to care about,在意,VERB
地下室,basement,地下室,NOUN
地点,location,地点,NOUN
地面,ground,地面,NOUN
坑,pit,坑,NOUN
坡,slope,坡,NOUN
型,type,型,NOUN
埋,bury,埋,VERB
城堡,castle,城堡,NOUN
培训,to train,培训,VERB
塞,to stuff,塞,VERB
夏令营,summer camp,夏令营,NOUN
外星人,alien,外星人,NOUN
大不了,at worst,大不了,ADV
大厅,hall,大厅,NOUN
大师,master,大师,NOUN
大脑,brain,大脑,NOUN
大陆,mainland,大陆,NOUN
天使,angel,天使,NOUN
天堂,heaven,天堂,NOUN
天才,genius,天才,NOUN
天然气,natural gas,天然气,NOUN
天生,innate,天生,ADJ
太空,outer space,太空,NOUN
头儿,boss,头儿,NOUN
头脑,mind,头脑,NOUN
夸张,exaggerate,夸张,VERB
奖励,to reward,奖励,VERB
女王,queen,女王,NOUN
奶酪,cheese,奶酪,NOUN
好些,quite a few,好些,ADJ
指出,point out,指出,VERB
抱怨,complain,抱怨,VERB
调查,investigate,调查,VERB
裁判,referee,裁判,NOUN
放大,magnify,放大,VERB
尽力,do one's best,尽力,ADV
现场,scene,现场,NOUN
因此,therefore,因此,ADV
不光,not only,不光,CCONJ
一方面,on one hand,一方面,ADV
另一方面,on the other hand,另一方面,ADV
盯,to stare,盯,VERB
搜,to search,搜,VERB
退出,to withdraw,退出,VERB
犯,to commit,犯,VERB
握,to grip,握,VERB
细,fine,细,ADJ
说法,claim,说法,NOUN
解开,to untie,解开,VERB
拦住,to block,拦住,VERB
某些,certain,某些,DET
狠,fierce,狠,ADJ
亲眼,personally,亲眼,ADV
挖出,to dig,挖出,VERB
股票,stock,股票,NOUN
自豪,proud,自豪,ADJ
至今,so far,至今,ADV
英俊,handsome,英俊,ADJ
营业,to be open for business,营业,VERB
行业,industry,行业,NOUN
补充,to supplement,补充,VERB
讲座,lecture,讲座,NOUN
讲究,particularity,讲究,NOUN
评价,evaluation,评价,NOUN
说服,to persuade,说服,VERB
调整,to adjust,调整,VERB
谦虚,modest,谦虚,ADJ
豪华,luxurious,豪华,ADJ
贡献,to contribute,贡献,VERB
资格,qualification,资格,NOUN
迅速,rapid,迅速,ADJ
道德,morality,道德,NOUN
遗憾,regret,遗憾,NOUN
遵守,to comply with,遵守,VERB
避免,to avoid,避免,VERB
金属,metal,金属,NOUN
针对,to target,针对,VERB
阶段,stage,阶段,NOUN
阻止,prevent,阻止,VERB
风险,risk,风险,NOUN
魅力,charm,魅力,NOUN
不可思议,inconceivable unimaginable,不可思议,ADJ
丢三落四,forgetful,丢三落四,ADJ
主管,manager,主管,NOUN
乐意,willing,乐意,ADJ
亲身,in person,亲身,ADV
代价,price,代价,NOUN
代码,code,代码,NOUN
仪式,ceremony,仪式,NOUN
优先,priority,优先,NOUN
传奇,legend,传奇,NOUN
体面,dignity,体面,NOUN
作弊,to practice fraud,作弊,VERB
依赖,to depend on,依赖,VERB
保养,to maintain,保养,VERB
修复,to restore,修复,VERB
假设,to suppose,假设,VERB
偏偏,contrary to expectations,偏偏,ADV
停留,to stay,停留,VERB
充实,rich,充实,ADJ
公式,formula,公式,NOUN
典型,typical,典型,ADJ
冤枉,to wrong someone,冤枉,VERB
冲突,conflict,冲突,NOUN
况且,moreover,况且,ADV
冷淡,indifferent,冷淡,ADJ
创作,to create,创作,VERB
初步,initial,初步,ADJ
别扭,awkward,别扭,ADJ
勉强,reluctantly,勉强,ADV
区域,area,区域,NOUN
危机,crisis,危机,NOUN
反感,to be disgusted with,反感,VERB
发觉,to discover,发觉,VERB
向往,yearn for,向往,VERB
向来,always,向来,ADV
和谐,harmonious,和谐,ADJ
嘲笑,to mock,嘲笑,VERB
抑郁,depression,抑郁,NOUN
友情,friendship,友情,NOUN
嫌弃,look down on,嫌弃,VERB
头条,headline news,头条,NOUN
热点,hot topic,热点,NOUN
刷屏,flood a feed,刷屏,VERB
博主,blogger,博主,NOUN
屏蔽,block content,屏蔽,VERB
真伪,authenticity,真伪,NOUN
维和,peacekeeping,维和,NOUN
执政,hold power,执政,VERB
羁押,detain,羁押,VERB
合资,joint venture,合资,NOUN
通胀,inflation,通胀,NOUN
囤积,hoard,囤积,VERB
矿产,mineral,矿产,NOUN
迁徙,migration,迁徙,NOUN
网页,webpage,网页,NOUN
扫码,scan a QR code,扫码,VERB
全职,full-time,全职,ADJ
升职,be promoted,升职,VERB
下岗,be laid off,下岗,VERB
甩卖,closeout sale,甩卖,NOUN
首付,down payment,首付,NOUN
装修,decoration,装修,NOUN
物业费,property management fee,物业费,NOUN
下单,place an order,下单,VERB
售后,after-sales service,售后,NOUN
过户,transfer ownership,过户,VERB
歇业,close down business,歇业,VERB
涨停,limit-up,涨停,NOUN
底薪,base pay,底薪,NOUN
公积金,housing fund,公积金,NOUN
内卷,rat race,内卷,NOUN
吃瓜,watch drama unfold,吃瓜,VERB
考研,prepare for grad school exam,考研,VERB
挂科,fail a course,挂科,VERB
私立,private school,私立,ADJ
板书,blackboard writing,板书,NOUN
口译,interpreting,口译,NOUN
语感,language intuition,语感,NOUN
评语,comments on work,评语,NOUN
报到,check in,报到,VERB
监考,invigilate,监考,VERB
才艺,talent,才艺,NOUN
领悟,grasp,领悟,VERB
逃学,play truant,逃学,VERB
德育,moral education,德育,NOUN
刻薄,sharp-tongued,刻薄,ADJ
算计,scheme,算计,VERB
沉稳,steady,沉稳,ADJ
郑重,solemn,郑重,ADJ
闹心,vexing,闹心,ADJ
贴心,considerate,贴心,ADJ
能耐,capability,能耐,NOUN
高深,profound,高深,ADJ
拗口,hard to pronounce,拗口,ADJ
洋气,stylish,洋气,ADJ
脸面,face,脸面,NOUN
卖弄,show off,卖弄,VERB
内敛,reserved,内敛,ADJ
刻板,rigid,刻板,ADJ
木讷,slow of speech,木讷,ADJ
叛逆,rebellious,叛逆,ADJ
继而,thereupon,继而,ADV
一味,stubbornly,一味,ADV
权且,as a temporary measure,权且,ADV
足足,a full,足足,ADV
暗暗,secretly in the heart,暗暗,ADV
素来,always,素来,ADV
照旧,as before,照旧,ADV
俨然,just like,俨然,ADV
未免,rather too,未免,ADV
而已,nothing more,而已,PART
世人,the world's people,世人,NOUN
敢于,dare to,敢于,VERB
岂止,far more than,岂止,ADV
家境,family financial situation,家境,NOUN
姻亲,relatives by marriage,姻亲,NOUN
相亲,blind date,相亲,NOUN
育儿,child rearing,育儿,NOUN
户口,household registration,户口,NOUN
祖籍,ancestral home,祖籍,NOUN
民风,folkways,民风,NOUN
摆摊,set up a stall,摆摊,VERB
厨艺,cooking skill,厨艺,NOUN
宵夜,late-night meal,宵夜,NOUN
古玩,antiques,古玩,NOUN
刷脸,pay by face,刷脸,VERB
清仓,clear stock,清仓,VERB
问诊,consultation,问诊,VERB
推拿,massage therapy,推拿,NOUN
煎药,decoct medicine,煎药,VERB
止痛,relieve pain,止痛,VERB
晕机,airsickness,晕机,VERB
牙科,dentistry,牙科,NOUN
脊椎,spine,脊椎,NOUN
痊愈,fully recover,痊愈,VERB
梦话,sleep talk,梦话,NOUN
大片,blockbuster,大片,NOUN
原著,original work,原著,NOUN
杀青,wrap shooting,杀青,VERB
综艺,variety show,综艺,NOUN
代言,endorsement,代言,NOUN
谢幕,take a final bow,谢幕,VERB
独唱,solo,独唱,VERB
歌坛,music world,歌坛,NOUN
编曲,arrangement,编曲,NOUN
黄牛,scalper,黄牛,NOUN
过气,has-been,过气,ADJ
风评,general reputation,风评,NOUN
涨粉,gain followers,涨粉,VERB
硬伤,fatal flaw,硬伤,NOUN
痛处,sore spot,痛处,NOUN
心结,emotional knot,心结,NOUN
窝囊,feeble,窝囊,ADJ
受挫,be frustrated,受挫,VERB
砍价,bargain,砍价,VERB
高价,high price,高价,NOUN
回报,return,回报,VERB
团圆,reunite,团圆,VERB
困惑,confused,困惑,ADJ
场合,occasion,场合,NOUN
坦白,frank,坦白,ADJ
大致,roughly,大致,ADV
失误,mistake,失误,NOUN
暗示,hint,暗示,VERB
涉及,involve,涉及,VERB
证实,confirm,证实,VERB
试验,trial,试验,NOUN
预测,predict,预测,VERB
推测,guess,推测,VERB
猜测,guess,猜测,VERB
猜想,suppose,猜想,VERB
进展,progress,进展,NOUN
推动,propel,推动,VERB
预算,budget,预算,NOUN
与其,rather than,与其,SCONJ
宁可,would rather,宁可,SCONJ
宁愿,would rather,宁愿,SCONJ
沉重,heavy,沉重,ADJ
人情,favor,人情,NOUN
一律,same,一律,ADV
不妨,might as well,不妨,ADV
应,should,应,AUX
归,to return,归,VERB
并,and,并,CCONJ
尝试,to try,尝试,VERB
官方,official,官方,ADJ
官员,official,官员,NOUN
擅长,be good at,擅长,VERB
科技,technology,科技,NOUN
社区,community,社区,NOUN
忽略,to neglect,忽略,VERB
怀孕,to be pregnant,怀孕,VERB
意味着,to signify,意味着,VERB
结局,ending,结局,NOUN
真相,truth,真相,NOUN
欺骗,deceive,欺骗,VERB
孤独,lonely,孤独,ADJ
才能,ability,才能,NOUN
面试,interview,面试,NOUN
至,until,至,ADP
躲藏,to hide oneself,躲藏,VERB
车厢,carriage,车厢,NOUN
连续剧,serialized drama,连续剧,NOUN
退步,to regress,退步,VERB
逗,to tease,逗,VERB
郊区,suburb,郊区,NOUN
配合,to cooperate,配合,VERB
铜,copper,铜,NOUN
销售,sales,销售,NOUN
长途,long-distance,长途,ADJ
问候,greeting,问候,NOUN
阵,bout,阵,NOUN
陆地,land,陆地,NOUN
鲜艳,bright-colored,鲜艳,ADJ
上司,boss,上司,NOUN
下手,to start,下手,VERB
不像话,unreasonable,不像话,ADJ
世上,in the world,世上,NOUN
丛林,jungle,丛林,NOUN
丝,silk,丝,NOUN
为此,for this,为此,ADP
主演,lead actor,主演,NOUN
乘务员,attendant,乘务员,NOUN
习俗,custom,习俗,NOUN
书籍,books,书籍,NOUN
书面,in writing,书面,NOUN
亚军,second place (in a sports contest),亚军,NOUN
交往,to associate,交往,VERB
亭子,pavilion,亭子,NOUN
亲吻,to kiss,亲吻,VERB
亲密,intimate,亲密,ADJ
人手,personnel,人手,NOUN
人间,the human world,人间,NOUN
仆人,servant,仆人,NOUN
仓库,warehouse,仓库,NOUN
他人,others,他人,NOUN
令,to make,令,VERB
任性,willful,任性,ADJ
传单,leaflet,传单,NOUN
位于,to be located at,位于,VERB
住口,shut up,住口,VERB
体内,in the body,体内,NOUN
作出,to make,作出,VERB
使得,to make,使得,VERB
便利,convenient,便利,ADJ
便条,note,便条,NOUN
俗话,common saying,俗话,NOUN
保管,to take care of,保管,VERB
保险箱,safe,保险箱,NOUN
修建,to build,修建,VERB
值班,to be on duty,值班,VERB
做主,to make a decision,做主,VERB
僵尸,zombie,僵尸,NOUN
兜,pocket,兜,NOUN
公众,public,公众,NOUN
公民,citizen,公民,NOUN
共和国,republic,共和国,NOUN
具有,to possess,具有,VERB
内部,interior,内部,NOUN
再有,furthermore,再有,ADV
冒,to emit,冒,VERB
凶手,murderer,凶手,NOUN
出卖,to betray,出卖,VERB
出售,to sell,出售,VERB
出手,to take action,出手,VERB
击中,to hit,击中,VERB
分子,molecule,分子,NOUN
列车,train,列车,NOUN
别墅,villa,别墅,NOUN
到来,arrival,到来,NOUN
制服,to subdue,制服,VERB
刺,thorn,刺,NOUN
前往,to head for,前往,VERB
前来,to come forward,前来,VERB
剑,sword,剑,NOUN
剧本,script for play,剧本,NOUN
加工,to process,加工,VERB
动力,power,动力,NOUN
动静,sound of activity,动静,NOUN
北极,the North Pole,北极,NOUN
十字架,cross,十字架,NOUN
午夜,midnight,午夜,NOUN
协会,association,协会,NOUN
南部,southern part,南部,NOUN
卫星,satellite,卫星,NOUN
却是,however,却是,ADV
及,and,及,CCONJ
反面,reverse side,反面,NOUN
发动,to launch,发动,VERB
发炎,to become inflamed,发炎,VERB
发行,to issue,发行,VERB
受害者,victim,受害者,NOUN
变态,abnormal,变态,ADJ
口头,oral,口头,ADJ
可口,delicious,可口,ADJ
合身,well-fitting (of clothes),合身,ADJ
吉祥,lucky,吉祥,ADJ
同伴,companion,同伴,NOUN
同志,comrade,同志,NOUN
名次,ranking,名次,NOUN
后代,descendant,后代,NOUN
向导,guide,向导,NOUN
吸毒,to take drugs,吸毒,VERB
吸血鬼,vampire,吸血鬼,NOUN
周年,anniversary,周年,NOUN
周边,surrounding area,周边,NOUN
呼叫,call,呼叫,VERB
品尝,taste,品尝,VERB
品质,quality,品质,NOUN
哼,to hum,哼,VERB
唱片,record,唱片,NOUN
喇叭,horn,喇叭,NOUN
喘气,to pant,喘气,VERB
回应,respond,回应,VERB
回收,recycle,回收,VERB
团体,group,团体,NOUN
团结,unite,团结,VERB
图案,pattern,图案,NOUN
在于,to lie in,在于,VERB
在场,present,在场,ADJ
地狱,hell,地狱,NOUN
场所,venue,场所,NOUN
场景,scene,场景,NOUN
场面,scene,场面,NOUN
坐牢,be in prison,坐牢,VERB
坦克,tank,坦克,NOUN
垫,pad,垫,NOUN
塌,to collapse,塌,VERB
墨水,ink,墨水,NOUN
复活,to resurrect,复活,VERB
外向,extroverted,外向,ADJ
外表,appearance,外表,NOUN
大厦,building,大厦,NOUN
大地,earth,大地,NOUN
大道,avenue,大道,NOUN
夫人,madam,夫人,NOUN
夫妇,a (married) couple,夫妇,NOUN
头部,head,头部,NOUN
夺走,to take away,夺走,VERB
女巫,witch,女巫,NOUN
女神,goddess,女神,NOUN
描述,describe,描述,VERB
展现,show,展现,VERB
展示,display,展示,VERB
综合,synthesize,综合,VERB
联想,associate,联想,VERB
想象力,imagination,想象力,NOUN
创造力,creativity,创造力,NOUN
违法,illegal,违法,ADJ
借用,borrow,借用,VERB
统计,statistics,统计,VERB
数据库,database,数据库,NOUN
证人,witness,证人,NOUN
既,since,既,SCONJ
与此同时,meanwhile,与此同时,ADV
福气,blessing,福气,NOUN
倒是,actually,倒是,ADV
招,move,招,NOUN
有力,powerful,有力,ADJ
轻易,easy,轻易,ADJ
马车,carriage,马车,NOUN
应当,should,应当,AUX
后母,stepmother,后母,NOUN
绑,to bind,绑,VERB
招牌,signboard,招牌,NOUN
大名,full name,大名,NOUN
跟随,to follow,跟随,VERB
迟,late,迟,ADV
曾,once,曾,ADV
小子,boy,小子,NOUN
高处,height,高处,NOUN
池,pool,池,NOUN
赌,to bet,赌,VERB
沉,to sink,沉,VERB
在此,here,在此,ADV
明日,tomorrow,明日,NOUN
罪,sin,罪,NOUN
此刻,now,此刻,NOUN
胡须,beard,胡须,NOUN
能源,energy,能源,NOUN
自觉,conscious,自觉,ADJ
虚心,modest,虚心,ADJ
融化,to melt,融化,VERB
表明,to indicate,表明,VERB
装饰,decoration,装饰,NOUN
规律,law,规律,NOUN
解放,liberation,解放,NOUN
解说员,commentator,解说员,NOUN
设施,facilities,设施,NOUN
询问,to inquire,询问,VERB
谈判,to negotiate,谈判,VERB
象征,to symbolize,象征,VERB
财产,property,财产,NOUN
贷款,loan,贷款,NOUN
贸易,trade,贸易,NOUN
资金,funds,资金,NOUN
赞美,to praise,赞美,VERB
转变,to change,转变,VERB
辩论,to debate,辩论,VERB
运用,to use,运用,VERB
运输,to transport,运输,VERB
近代,modern times,近代,NOUN
违反,to violate,违反,VERB
逃避,to evade,逃避,VERB
选举,to elect,选举,VERB
逐步,progressively,逐步,ADV
通讯,communication,通讯,NOUN
逻辑,logic,逻辑,NOUN
采取,to adopt,采取,VERB
钢铁,steel,钢铁,NOUN
集体,collective,集体,NOUN
零件,part,零件,NOUN
面临,to face,面临,VERB
革命,revolution,革命,NOUN
预防,to prevent,预防,VERB
风俗,custom,风俗,NOUN
高档,high-grade,高档,ADJ
鼓舞,inspire,鼓舞,VERB
一再,repeatedly,一再,ADV
一度,for a time,一度,ADV
万分,very much,万分,ADV
上任,to take office,上任,VERB
上游,upper reaches,上游,NOUN
上级,superior,上级,NOUN
上进心,ambition,上进心,NOUN
下令,to order,下令,VERB
下场,end up,下场,VERB
下属,subordinate,下属,NOUN
不妙,ominous,不妙,ADJ
不得,must not,不得,AUX
不敢当,I don't deserve your praise,不敢当,INTJ
不料,unexpectedly,不料,ADV
不时,from time to time,不时,ADV
不顾,in spite of,不顾,VERB
专利,patent,专利,NOUN
专科,specialized subject,专科,NOUN
专题,special topic,专题,NOUN
世代,generation,世代,NOUN
严厉,severe,严厉,ADJ
严禁,strictly prohibit,严禁,VERB
个体,individual,个体,NOUN
中断,to cut short,中断,VERB
中立,neutral,中立,ADJ
丰收,bumper harvest,丰收,NOUN
丰满,ample,丰满,ADJ
丰盛,sumptuous,丰盛,ADJ
为难,to feel embarrassed,为难,ADJ
主办,to organize,主办,VERB
主教,bishop,主教,NOUN
主流,mainstream,主流,NOUN
举动,act,举动,NOUN
乌黑,jet-black,乌黑,ADJ
乞丐,beggar,乞丐,NOUN
乡镇,township,乡镇,NOUN
书记,secretary,书记,NOUN
争夺,to fight over,争夺,VERB
争气,to strive for success,争气,VERB
事务,affair,事务,NOUN
事项,matter,事项,NOUN
二氧化碳,carbon dioxide,二氧化碳,NOUN
交代,to hand over,交代,VERB
交叉,to cross,交叉,VERB
交易,transaction,交易,NOUN
产业,industry,产业,NOUN
亲热,affectionate,亲热,ADJ
人为,artificial,人为,ADJ
人士,person,人士,NOUN
人性,human nature,人性,NOUN
人格,personality,人格,NOUN
人渣,scum,人渣,NOUN
人质,hostage,人质,NOUN
仇恨,hatred,仇恨,NOUN
仍旧,still,仍旧,ADV
代理,to act on behalf of sb in a responsible position,代理,VERB
以便,so that,以便,SCONJ
以免,in order to avoid,以免,SCONJ
以往,in the past,以往,NOUN
仪器,instrument,仪器,NOUN
任意,arbitrary,任意,ADV
休养,recuperate,休养,VERB
伙计,buddy,伙计,NOUN
会面,meeting,会面,NOUN
传记,biography,传记,NOUN
传达,convey,传达,VERB
伤脑筋,troublesome,伤脑筋,ADJ
伴侣,companion,伴侣,NOUN
但愿,if only,但愿,VERB
住宅,residence,住宅,NOUN
体谅,to empathize,体谅,VERB
何不,why not,何不,ADV
作息,work and rest,作息,NOUN
作战,to fight,作战,VERB
作证,to testify,作证,VERB
作风,style,作风,NOUN
例外,exception,例外,NOUN
依据,according to,依据,ADP
依旧,as before,依旧,ADV
侧面,side,侧面,NOUN
侵犯,to infringe,侵犯,VERB
便于,to facilitate,便于,VERB
保佑,to bless,保佑,VERB
保卫,to defend,保卫,VERB
保守,conservative,保守,ADJ
保障,to safeguard,保障,VERB
信仰,faith,信仰,NOUN
信念,conviction,信念,NOUN
信赖,to trust,信赖,VERB
修女,nun,修女,NOUN
倒闭,to go bankrupt,倒闭,VERB
候选人,candidate,候选人,NOUN
借助,to draw support from,借助,VERB
倾听,to listen attentively,倾听,VERB
偏见,prejudice,偏见,NOUN
停顿,to halt,停顿,VERB
储蓄,to deposit money,储蓄,VERB
元素,element,元素,NOUN
充足,adequate,充足,ADJ
先前,before,先前,ADV
光彩,luster,光彩,NOUN
光芒,rays of light,光芒,NOUN
免得,so as not to,免得,SCONJ
兑换,to exchange,兑换,VERB
兑现,to cash,兑现,VERB
公关,public relations,公关,NOUN
公务,official business,公务,NOUN
公告,announcement,公告,NOUN
公婆,husband's parents,公婆,NOUN
公正,just,公正,ADJ
公认,generally accepted,公认,ADJ
公道,fair,公道,ADJ
共鸣,resonance,共鸣,NOUN
关照,to look after,关照,VERB
典礼,ceremony,典礼,NOUN
内在,intrinsic,内在,ADJ
冒犯,to offend,冒犯,VERB
军官,officer,军官,NOUN
冰雹,hail,冰雹,NOUN
责怪,blame,责怪,VERB
长辈,elders,长辈,NOUN
孝敬,show filial respect,孝敬,VERB
传闻,hearsay,传闻,NOUN
辟谣,refute a rumor,辟谣,VERB
转发,forward,转发,VERB
主播,streamer,主播,NOUN
拉黑,blacklist someone,拉黑,VERB
罪名,criminal charge,罪名,NOUN
派系,faction,派系,NOUN
在野,out of office,在野,ADJ
证券,securities,证券,NOUN
个体户,self-employed person,个体户,NOUN
景气,economic climate,景气,NOUN
抛售,dump holdings,抛售,VERB
植被,vegetation cover,植被,NOUN
耗能,energy consumption,耗能,NOUN
网购,online shopping,网购,NOUN
智能,smart,智能,ADJ
录用,hire after screening,录用,VERB
从业,practice a trade,从业,VERB
返聘,rehire the retired,返聘,VERB
月供,monthly payment,月供,NOUN
产权,property rights,产权,NOUN
家电,home appliances,家电,NOUN
燃气,household gas,燃气,NOUN
差评,negative review,差评,NOUN
保修,repair under warranty,保修,VERB
出纳,cashier,出纳,NOUN
股民,stock investor,股民,NOUN
跌停,limit-down,跌停,NOUN
加班费,overtime pay,加班费,NOUN
工伤,work-related injury,工伤,NOUN
摆烂,slack off,摆烂,VERB
打卡,punch in,打卡,VERB
保研,gain direct grad admission,保研,VERB
补考,retake an exam,补考,VERB
公立,public school,公立,ADJ
听写,dictation,听写,NOUN
笔译,written translation,笔译,NOUN
笔迹,handwriting,笔迹,NOUN
讲义,handout,讲义,NOUN
开题,approve a thesis topic,开题,VERB
满分,full marks,满分,NOUN
潜能,potential,潜能,NOUN
听课,attend a lecture,听课,VERB
辍学,drop out of school,辍学,VERB
美育,aesthetic education,美育,NOUN
苛刻,exacting,苛刻,ADJ
圆滑,slick,圆滑,ADJ
毛躁,impetuous,毛躁,ADJ
敷衍,perfunctory,敷衍,ADJ
烦心,vexed,烦心,ADJ
窝心,warmly gratified,窝心,ADJ
绝活,special skill,绝活,NOUN
浅显,simple and clear,浅显,ADJ
文雅,elegant,文雅,ADJ
大气,elegant and poised,大气,ADJ
情面,feelings of esteem,情面,NOUN
低调,low-key,低调,ADJ
爽朗,hearty,爽朗,ADJ
死板,inflexible,死板,ADJ
乖巧,clever and cute,乖巧,ADJ
倔强,obstinate,倔强,ADJ
多半,most of the time,多半,ADV
索性,simply,索性,ADV
起码,at the least,起码,ADV
近乎,almost,近乎,ADV
暗中,secretly,暗中,ADV
亲耳,with one's own ears,亲耳,ADV
白白,for nothing,白白,ADV
无须,need not,无须,ADV
何妨,why not,何妨,ADV
若干,some,若干,DET
众人,many people,众人,NOUN
乐于,be willing to,乐于,VERB
岂不,isn't it that,岂不,ADV
家产,family property,家产,NOUN
婆媳,her and daughter-in-law,婆媳,NOUN
闪婚,flash marriage,闪婚,VERB
亲子,parent and child,亲子,NOUN
户籍,household registry,户籍,NOUN
宗族,clan,宗族,NOUN
节庆,festival,节庆,NOUN
风味,local flavor,风味,NOUN
拼桌,share a table,拼桌,VERB
夜市,night market,夜市,NOUN
赝品,forgery,赝品,NOUN
囤货,stockpile goods,囤货,VERB
尾货,leftover stock,尾货,NOUN
医师,doctor,医师,NOUN
刮痧,guasha scraping,刮痧,NOUN
药性,medicinal property,药性,NOUN
镇痛,relieve severe pain,镇痛,VERB
晕船,seasickness,晕船,VERB
外科,surgery department,外科,NOUN
体质,constitution,体质,NOUN
调养,recuperate,调养,VERB
票房,box office,票房,NOUN
演技,acting skill,演技,NOUN
改编,adaptation,改编,VERB
档期,schedule slot,档期,NOUN
选秀,talent show,选秀,NOUN
应援,fan support,应援,VERB
返场,encore,返场,NOUN
伴奏,accompany musically,伴奏,NOUN
打榜,chart promotion,打榜,VERB
走音,go off-key,走音,VERB
抢票,snatch tickets,抢票,VERB
爆红,go viral,爆红,VERB
人设,public persona,人设,NOUN
底蕴,deep foundation,底蕴,NOUN
软肋,weak spot,软肋,NOUN
苦衷,hidden difficulties,苦衷,NOUN
芥蒂,grudge,芥蒂,NOUN
憋屈,feel wronged,憋屈,ADJ
挨批,get criticized,挨批,VERB
还价,counteroffer,还价,VERB
天价,sky-high price,天价,NOUN
冲击,to shock,冲击,VERB
冷却,to cool down,冷却,VERB
凌晨,early morning,凌晨,NOUN
凑合,to make do,凑合,VERB
出于,out of,出于,ADP
出局,to be out,出局,VERB
出息,future prospects,出息,AUX
出路,way out,出路,NOUN
出身,family background,出身,NOUN
击败,to defeat,击败,VERB
分散,to scatter,分散,VERB
分明,clearly demarcated,分明,ADJ
分离,to separate,分离,VERB
分辨,to distinguish,分辨,VERB
分量,weight,分量,NOUN
切断,to cut off,切断,VERB
刊登,to publish,刊登,VERB
创立,to establish,创立,VERB
判决,judgment,判决,NOUN
利率,interest rate,利率,NOUN
制止,to curb,制止,VERB
前提,premise,前提,NOUN
前景,prospect,前景,NOUN
前辈,senior,前辈,NOUN
副作用,side effect,副作用,NOUN
劈,to hack,劈,VERB
功劳,contribution,功劳,NOUN
务必,must,务必,ADV
动态,trend,动态,NOUN
动机,motive,动机,NOUN
动身,to set off,动身,VERB
劲头,enthusiasm,劲头,NOUN
勇士,warrior,勇士,NOUN
包围,to surround,包围,VERB
包袱,burden,包袱,NOUN
化石,fossil,化石,NOUN
化肥,fertilizer,化肥,NOUN
化验,to test,化验,VERB
区分,to distinguish,区分,VERB
十足,complete,十足,ADJ
华丽,gorgeous,华丽,ADJ
华侨,overseas Chinese,华侨,NOUN
协助,to assist,协助,VERB
协商,to consult,协商,VERB
协议,agreement,协议,NOUN
博览会,exposition,博览会,NOUN
占据,to occupy,占据,VERB
占有,to possess,占有,VERB
占领,to occupy,占领,VERB
卧底,undercover agent,卧底,NOUN
印刷,to print,印刷,VERB
即便,even if,即便,SCONJ
历代,successive generations,历代,NOUN
压缩,to compress,压缩,VERB
原创,original,原创,ADJ
原始,primitive,原始,ADJ
原理,principle,原理,NOUN
及早,at the earliest possible time,及早,ADV
反之,on the other hand,反之,ADV
反倒,but on the contrary,反倒,ADV
反射,to reflect,反射,VERB
反常,unusual,反常,ADJ
反思,to think back over sth,反思,VERB
反抗,to resist,反抗,VERB
反问,to ask rhetorically,反问,VERB
反馈,to provide feedback,反馈,VERB
发作,to have an attack,发作,VERB
发射,to launch,发射,VERB
发扬,to carry forward,发扬,VERB
发育,to develop,发育,VERB
受害人,victim,受害人,NOUN
受罪,to suffer,受罪,VERB
变质,to deteriorate,变质,VERB
口腔,oral cavity,口腔,NOUN
古怪,eccentric,古怪,ADJ
古董,antique,古董,NOUN
可恶,detestable,可恶,ADJ
可悲,pathetic,可悲,ADJ
可疑,suspicious,可疑,ADJ
可行,feasible,可行,ADJ
司令,commanding officer,司令,NOUN
叼,to hold in the mouth,叼,VERB
吃力,to entail strenuous effort,吃力,ADJ
合伙,to act jointly,合伙,VERB
合伙人,partner,合伙人,NOUN
合并,to merge,合并,VERB
合成,to compose,合成,VERB
合算,worthwhile,合算,ADJ
合约,contract,合约,NOUN
同性恋,homosexuality,同性恋,NOUN
同胞,compatriot,同胞,NOUN
名义,name,名义,NOUN
名额,quota,名额,NOUN
后期,later stage,后期,NOUN
含义,meaning,含义,NOUN
启动,to start,启动,VERB
启示,enlightenment,启示,NOUN
吸取,to absorb,吸取,VERB
吼,to roar,吼,VERB
呈现,to present,呈现,VERB
告知,to inform,告知,VERB
呕吐,to vomit,呕吐,VERB
周期,cycle,周期,NOUN
命名,name,命名,VERB
和气,amiable,和气,ADJ
品德,moral character,品德,NOUN
哄,to roar with laughter,哄,VERB
响亮,loud and clear,响亮,ADJ
响应,to respond to,响应,VERB
哭泣,to weep,哭泣,VERB
唠叨,to nag,唠叨,VERB
啃,to gnaw,啃,VERB
商标,trademark,商标,NOUN
啰唆,long-winded,啰唆,ADJ
喜悦,joy,喜悦,NOUN
器官,organ,器官,NOUN
器材,equipment,器材,NOUN
噩梦,nightmare,噩梦,NOUN
噪音,noise,噪音,NOUN
囚犯,prisoner,囚犯,NOUN
四肢,four limbs,四肢,NOUN
回顾,review,回顾,VERB
园林,garden,园林,NOUN
困扰,to trouble,困扰,VERB
国会,parliament,国会,NOUN
国防,national defense,国防,NOUN
圆满,satisfactory,圆满,ADJ
土壤,soil,土壤,NOUN
地步,extent,地步,NOUN
地盘,territory,地盘,NOUN
坚固,sturdy,坚固,ADJ
坚定,firm,坚定,ADJ
坚硬,hard,坚硬,ADJ
坟墓,tomb,坟墓,NOUN
垂直,perpendicular,垂直,ADJ
埋怨,to complain,埋怨,VERB
基因,gene,基因,NOUN
基地,base,基地,NOUN
基金,fund,基金,NOUN
堆积,to pile up,堆积,VERB
堵塞,to block,堵塞,VERB
墓地,cemetery,墓地,NOUN
增添,to add,增添,VERB
壮观,spectacular,壮观,ADJ
声明,statement,声明,NOUN
处于,to be in (a state),处于,VERB
备份,backup,备份,NOUN
复兴,to revive,复兴,VERB
夕阳,sunset,夕阳,NOUN
外界,the outside world,外界,NOUN
大使,ambassador,大使,NOUN
大意,careless,大意,ADJ
大臣,minister,大臣,NOUN
大麻,cannabis,大麻,NOUN
天文,astronomy,天文,NOUN
天赋,talent,天赋,NOUN
失控,out of control,失控,VERB
失踪,to be missing,失踪,VERB
奇妙,fantastic,奇妙,ADJ
奔驰,to run quickly,奔驰,VERB
奖赏,reward,奖赏,NOUN
奴隶,slave,奴隶,NOUN
好客,hospitable,好客,ADJ
透露,reveal,透露,VERB
讲述,recount,讲述,VERB
引用,cite,引用,VERB
转达,convey,转达,VERB
提及,mention,提及,VERB
提议,propose,提议,VERB
劝告,advise,劝告,VERB
劝说,persuade,劝说,VERB
催促,press,催促,VERB
泄露,leak,泄露,VERB
描绘,depict,描绘,VERB
探讨,explore,探讨,VERB
考察,inspect,考察,VERB
检验,inspect,检验,VERB
检测,detect,检测,VERB
测量,measure,测量,VERB
估算,estimate,估算,VERB
预料,expect,预料,VERB
预期,expect,预期,VERB
预言,prophesy,预言,VERB
转化,transform,转化,VERB
转移,shift,转移,VERB
进化,evolve,进化,VERB
推进,advance,推进,VERB
激发,arouse,激发,VERB
引发,trigger,引发,VERB
融合,fuse,融合,VERB
治理,govern,治理,VERB
运营,operate,运营,VERB
运作,operate,运作,VERB
实施,implement,实施,VERB
颁发,issue,颁发,VERB
宣告,declare,宣告,VERB
签订,sign,签订,VERB
签署,sign,签署,VERB
研讨,discuss,研讨,VERB
审判,trial,审判,NOUN
审查,examine,审查,VERB
审核,audit,审核,VERB
监督,supervise,监督,VERB
监管,regulate,监管,VERB
监控,monitor,监控,VERB
监测,monitor,监测,VERB
监视,surveil,监视,VERB
评估,assess,评估,VERB
深思,ponder,深思,VERB
设想,imagine,设想,VERB
创办,found,创办,VERB
开创,pioneer,开创,VERB
拓展,expand,拓展,VERB
扩展,extend,扩展,VERB
注重,emphasize,注重,VERB
着重,emphasize,着重,ADV
寻求,seek,寻求,VERB
尽心,devoted,尽心,ADV
偏向,favor,偏向,VERB
违规,noncompliant,违规,ADJ
依照,according to,依照,ADP
凭借,rely on,凭借,VERB
担保,guarantee,担保,VERB
账本,ledger,账本,NOUN
报表,statement,报表,NOUN
结算,settle,结算,VERB
资讯,information,资讯,NOUN
档案,archive,档案,NOUN
破案,solve a case,破案,VERB
案件,case,案件,NOUN
案情,case details,案情,NOUN
进而,furthermore,进而,ADV
不单,not only,不单,CCONJ
倒不如,might as well,倒不如,ADV
策划,plan,策划,VERB
策略,strategy,策略,NOUN
战略,strategy,战略,NOUN
配套,matching,配套,ADJ
协作,cooperate,协作,VERB
由此可见,thus it can be seen,由此可见,ADV
总而言之,in short,总而言之,ADV
一般而言,generally speaking,一般而言,ADV
相对而言,relatively speaking,相对而言,ADV
论点,argument,论点,NOUN
想必,to presume,想必,VERB
下落,whereabouts,下落,NOUN
清静,quiet,清静,ADJ
费心,to trouble,费心,VERB
诚心,sincere,诚心,ADJ
甘心,to accept,甘心,VERB
费力,laborious,费力,ADJ
毫无,to lack,毫无,VERB
此处,here,此处,NOUN
补偿,compensation,补偿,NOUN
日后,afterward,日后,NOUN
开战,to wage war,开战,VERB
通通,all,通通,ADV
更何况,let alone,更何况,SCONJ
好歹,anyway,好歹,ADV
托付,to entrust,托付,VERB
即刻,immediately,即刻,ADV
艰苦,hard,艰苦,ADJ
荣幸,honored,荣幸,ADJ
荣誉,honor,荣誉,NOUN
观念,concept,观念,NOUN
规模,scale,规模,NOUN
议论,discussion,议论,NOUN
讽刺,satire,讽刺,NOUN
诊断,diagnosis,诊断,NOUN
诚恳,sincere,诚恳,ADJ
谨慎,cautious,谨慎,ADJ
责备,to blame,责备,VERB
赔偿,to compensate,赔偿,VERB
趋势,trend,趋势,NOUN
轻视,to despise,轻视,VERB
迫切,urgent,迫切,ADJ
陆续,successively,陆续,ADV
雇佣,employ,雇佣,VERB
领域,field,领域,NOUN
一丝不苟,meticulous,一丝不苟,ADJ
一举两得,kill two birds with one stone,一举两得,ADJ
一如既往,just as in the past,一如既往,ADV
一帆风顺,smooth sailing,一帆风顺,ADJ
一无所知,know nothing,一无所知,VERB
一目了然,obvious at a glance,一目了然,ADJ
一贯,consistent,一贯,ADJ
不堪,cannot bear,不堪,VERB
不屑一顾,to disdain as beneath contempt,不屑一顾,VERB
不得已,to have no choice,不得已,ADJ
不惜,not stint,不惜,VERB
不愧,to be worthy of,不愧,ADV
不择手段,by fair means or foul,不择手段,ADV
不由得,can't help,不由得,ADV
不相上下,equally matched,不相上下,ADJ
不禁,can't help (doing sth),不禁,ADV
不言而喻,it goes without saying,不言而喻,VERB
专程,special-purpose trip,专程,ADV
专长,specialty,专长,NOUN
东张西望,to look around in all directions,东张西望,VERB
东道主,host,东道主,NOUN
严密,tight,严密,ADJ
严峻,grim,严峻,ADJ
丧失,to lose,丧失,VERB
主导,to lead,主导,VERB
争先恐后,striving to be first and fearing to be last,争先恐后,VERB
争议,controversy,争议,NOUN
从容不迫,calm,从容不迫,ADJ
仓促,hasty,仓促,ADJ
以致,to such an extent as to,以致,SCONJ
众所周知,as everyone knows,众所周知,ADJ
优越,superior,优越,ADJ
伴随,to accompany,伴随,VERB
使命,mission,使命,NOUN
依次,in order,依次,ADV
侮辱,to insult,侮辱,VERB
倾向,tendency,倾向,NOUN
健全,robust,健全,ADJ
全力以赴,to do one's utmost,全力以赴,VERB
兴致勃勃,in high spirits,兴致勃勃,ADJ
兴高采烈,in high spirits,兴高采烈,ADJ
决策,decision-making,决策,NOUN
出洋相,to make a fool of oneself,出洋相,VERB
千方百计,by all means,千方百计,ADV
取决于,to depend on,取决于,VERB
名副其实,worthy of the name,名副其实,ADJ
断定,conclude,断定,VERB
违背,violate,违背,VERB
隐瞒,to conceal,隐瞒,VERB
开枪,fire a gun,开枪,VERB
谎言,lie,谎言,NOUN
突破,breakthrough,突破,NOUN
潜力,potential,潜力,NOUN
尊严,dignity,尊严,NOUN
承诺,commitment,承诺,NOUN
妥协,to compromise,妥协,VERB
阻拦,to block,阻拦,VERB
悬崖,cliff,悬崖,NOUN
放肆,impudent,放肆,ADJ
即,that is,即,ADV
且,and,且,CCONJ
勿,do not,勿,PART
艰巨,arduous,艰巨,ADJ
雄伟,majestic,雄伟,ADJ
与日俱增,to increase steadily,与日俱增,VERB
丑恶,ugly,丑恶,ADJ
世界观,worldview,世界观,NOUN
丘陵,hills,丘陵,NOUN
严寒,bitter cold,严寒,NOUN
临床,clinical,临床,ADJ
丸,pill,丸,NOUN
为期,to last (a period of time),为期,VERB
为首,headed by,为首,VERB
主权,sovereignty,主权,NOUN
举世瞩目,to receive worldwide attention,举世瞩目,VERB
举世闻名,world famous,举世闻名,ADJ
举足轻重,to hold the balance of power,举足轻重,ADJ
乐谱,musical score,乐谱,NOUN
予以,to give to grant,予以,VERB
争端,dispute,争端,NOUN
事态,situation,事态,NOUN
事迹,deed,事迹,NOUN
亏待,to treat sb unfairly,亏待,VERB
亏损,deficit,亏损,NOUN
交涉,to negotiate,交涉,VERB
亦,also,亦,ADV
人道,humanity,人道,NOUN
仁慈,benevolent,仁慈,ADJ
以至,down to,以至,SCONJ
任命,to appoint and nominate,任命,VERB
优异,exceptional,优异,ADJ
优胜劣汰,survival of the fittest,优胜劣汰,NOUN
会晤,meet,会晤,VERB
会见,meet,会见,VERB
传授,impart,传授,VERB
伪造,forge,伪造,VERB
伯爵,count,伯爵,NOUN
伶俐,clever,伶俐,ADJ
伺候,to serve,伺候,VERB
体系,system,体系,NOUN
作废,to become invalid,作废,VERB
佳肴,delicacy,佳肴,NOUN
求婚,propose marriage,求婚,VERB
晚辈,younger generation,晚辈,NOUN
顽强,tenacious,顽强,ADJ
绯闻,romantic scandal,绯闻,NOUN
歪曲,distort,歪曲,VERB
弹幕,bullet comment,弹幕,NOUN
追星,chase celebrities,追星,VERB
圈粉,gain fans,圈粉,VERB
议会,parliament,议会,NOUN
篡权,usurp power,篡权,VERB
罢免,recall from office,罢免,VERB
信贷,credit,信贷,NOUN
跳槽,change jobs,跳槽,VERB
滞销,slow-selling,滞销,ADJ
生态,ecology,生态,NOUN
涵养,conserve an ecosystem,涵养,VERB
臭氧,ozone,臭氧,NOUN
电商,e-commerce,电商,NOUN
卡顿,lag,卡顿,NOUN
试用期,trail period on the job,试用期,NOUN
执业,hold a license,执业,VERB
毁约,break a contract,毁约,VERB
房贷,home loan,房贷,NOUN
物业,property management,物业,NOUN
电费,electricity bill,电费,NOUN
外卖,food delivery,外卖,NOUN
好评,positive review,好评,NOUN
插队,jump the queue,插队,VERB
网点,outlet,网点,NOUN
牛市,bull market,牛市,NOUN
理财,manage money,理财,VERB
社保,social security,社保,NOUN
年终,year end,年终,NOUN
躺平,coast along,躺平,VERB
结业,finish a course,结业,VERB
学分,credit,学分,NOUN
重修,retake a course,重修,VERB
师资,teaching staff,师资,NOUN
默写,write from memory,默写,VERB
造句,make a sentence,造句,VERB
字迹,handwriting,字迹,NOUN
学区,school district,学区,NOUN
开卷,open-book,开卷,ADJ
竞赛,competition,竞赛,NOUN
智商,IQ,智商,NOUN
旁听,audit a class,旁听,VERB
校服,school uniform,校服,NOUN
智育,intellectual education,智育,NOUN
大度,magnanimous,大度,ADJ
世故,worldly-wise,世故,ADJ
稳重,poised,稳重,ADJ
严谨,rigorous,严谨,ADJ
扎心,heart-piercing,扎心,ADJ
堵心,distressing,堵心,ADJ
独到,original,独到,ADJ
通俗,popular and plain,通俗,ADJ
俗气,tacky,俗气,ADJ
排场,ostentation,排场,NOUN
攀比,keep up with the others,攀比,VERB
张扬,flamboyant,张扬,ADJ
诙谐,humorous,诙谐,ADJ
机灵,clever,机灵,ADJ
懂事,sensible,懂事,ADJ
相继,succcessively,相继,ADV
大都,for the most part,大都,ADV
正巧,just then,正巧,ADV
顶多,at the very most,顶多,ADV
隐隐,faintly,隐隐,ADV
私下,privately,私下,ADV
尽兴,as much as one likes,尽兴,ADV
徒然,in vain,徒然,ADV
难以,difficult to,难以,ADV
省得,so as to avoid,省得,SCONJ
诸位,ladies and gentlemen,诸位,PRON
加以,handle by means of,加以,AUX
难说,hard to say,难说,VERB
唯有,only,唯有,ADV
遗嘱,last will,遗嘱,NOUN
妯娌,sisters-in-law,妯娌,NOUN
裸婚,bare-hands marriage,裸婚,VERB
胎教,prenatal education,胎教,NOUN
籍贯,place of ancestral origin,籍贯,NOUN
祠堂,ancestral hall,祠堂,NOUN
庙会,temple fair,庙会,NOUN
菜谱,recipe,菜谱,NOUN
堂食,eat in,堂食,NOUN
杂货,odds and ends,杂货,NOUN
次品,defective product,次品,NOUN
断货,sell out,断货,NOUN
复查,re-examination,复查,VERB
主刀,operate as chief surgeon,主刀,VERB
偏方,folk remedy,偏方,NOUN
药量,dosage,药量,NOUN
消炎,reduce inflammation,消炎,VERB
耳鸣,ringing ears,耳鸣,NOUN
儿科,pediatrics,儿科,NOUN
体格,physique,体格,NOUN
静养,rest and recuperate,静养,VERB
剧透,spoiler,剧透,NOUN
替身,stunt double,替身,NOUN
续集,sequel,续集,NOUN
排片,screening schedule,排片,NOUN
出道,debut,出道,VERB
打赏,tip online,打赏,VERB
巡演,touring performance,巡演,NOUN
主唱,lead vocalist,主唱,NOUN
填词,write lyrics,填词,VERB
道具,stage prop,道具,NOUN
退票,refund a ticket,退票,VERB
走红,become popular,走红,VERB
塌房,fall from grace,塌房,VERB
底子,background,底子,NOUN
短板,weakness,短板,NOUN
难处,difficulty,难处,NOUN
疙瘩,grudge,疙瘩,NOUN
冤屈,being wronged,冤屈,NOUN
挨骂,get scolded,挨骂,VERB
划算,cost-effective,划算,ADJ
回本,recoup capital,回本,VERB
供不应求,supply does not meet demand,供不应求,ADJ
供给,to supply,供给,VERB
依托,to rely on,依托,VERB
俘虏,captive,俘虏,NOUN
信誉,reputation,信誉,NOUN
倘若,provided that,倘若,SCONJ
借鉴,to draw on the experience of,借鉴,VERB
倡导,to advocate,倡导,VERB
倡议,to propose,倡议,VERB
债券,bond,债券,NOUN
倾斜,to incline,倾斜,VERB
假使,if,假使,SCONJ
偏僻,remote,偏僻,ADJ
偏差,deviation,偏差,NOUN
做东,to act as host,做东,VERB
停泊,to anchor,停泊,VERB
停滞,to stagnate,停滞,VERB
偿还,to repay,偿还,VERB
储备,reserves,储备,NOUN
储存,stockpile,储存,NOUN
僵硬,stiff,僵硬,ADJ
元首,head of state,元首,NOUN
充当,to serve as,充当,VERB
充沛,abundant,充沛,ADJ
光辉,radiance,光辉,NOUN
免疫,immunity,免疫,NOUN
兢兢业业,cautious and conscientious,兢兢业业,ADJ
入侵,to invade,入侵,VERB
全局,overall situation,全局,NOUN
公然,openly,公然,ADV
公爵,duke,公爵,NOUN
公证,notarization,公证,NOUN
共计,to total,共计,VERB
兴旺,prosperous,兴旺,ADJ
兴隆,prosperous,兴隆,ADJ
内幕,inside story,内幕,NOUN
内涵,connotation,内涵,NOUN
再接再厉,to make persistent efforts,再接再厉,VERB
冒充,to pretend to be,冒充,VERB
冷酷,callous,冷酷,ADJ
冻结,to freeze,冻结,VERB
凄凉,desolate,凄凉,ADJ
准则,norm,准则,NOUN
凝固,to solidify,凝固,VERB
凝聚,to condense,凝聚,VERB
凝视,to gaze,凝视,VERB
凶恶,fierce,凶恶,ADJ
凹凸,uneven,凹凸,ADJ
出神,to be entranced,出神,VERB
分寸,propriety,分寸,NOUN
分歧,disagreement,分歧,NOUN
分泌,to secrete,分泌,VERB
分红,to receive a bonus,分红,VERB
分裂,to split,分裂,VERB
分解,to decompose,分解,VERB
切实,practical,切实,ADJ
刊物,publication,刊物,NOUN
刑事,criminal,刑事,ADJ
划分,to divide,划分,VERB
列举,to list,列举,VERB
利害,pros and cons,利害,NOUN
别致,unique,别致,ADJ
制约,to restrict,制约,VERB
制裁,to punish,制裁,VERB
制订,to work out,制订,VERB
刹那,instant,刹那,NOUN
刻不容缓,to brook no delay,刻不容缓,ADJ
削弱,to weaken,削弱,VERB
剥削,to exploit,剥削,VERB
剧烈,violent,剧烈,ADJ
剪彩,to cut the ribbon,剪彩,VERB
力争,to work hard for,力争,VERB
力图,to try hard to,力图,VERB
力所能及,within one's power,力所能及,ADJ
功效,efficacy,功效,NOUN
加剧,to intensify,加剧,VERB
务实,pragmatic,务实,ADJ
动员,to mobilize,动员,VERB
动脉,artery,动脉,NOUN
动荡,unrest,动荡,NOUN
势力,power,势力,NOUN
势必,bound to,势必,ADV
勇于,to dare to,勇于,VERB
勉励,to encourage,勉励,VERB
勒,to tighten,勒,VERB
勘探,to explore,勘探,VERB
勤俭,thrifty,勤俭,ADJ
勤恳,diligent,勤恳,ADJ
勾结,to collude,勾结,VERB
包庇,to shield,包庇,VERB
匪徒,bandit,匪徒,NOUN
半途而废,to give up halfway,半途而废,VERB
卑鄙,despicable,卑鄙,ADJ
卓越,outstanding,卓越,ADJ
博大精深,broad and profound,博大精深,ADJ
历来,always,历来,ADV
压制,to suppress,压制,VERB
压抑,to repress,压抑,VERB
压榨,to squeeze,压榨,VERB
压迫,to oppress,压迫,VERB
厌倦,to be tired of,厌倦,VERB
厌恶,to loathe,厌恶,VERB
原告,plaintiff,原告,NOUN
参照,to consult a reference,参照,VERB
参议员,senator,参议员,NOUN
反动,reactionary,反动,ADJ
反驳,to refute,反驳,VERB
取缔,to ban,取缔,VERB
变故,unexpected event,变故,NOUN
变迁,change,变迁,NOUN
叛徒,traitor,叛徒,NOUN
召唤,summon,召唤,VERB
叮嘱,urge,叮嘱,VERB
可卡因,cocaine,可卡因,NOUN
可观,considerable,可观,ADJ
号召,to call,号召,VERB
司法,judicial,司法,NOUN
各抒己见,everyone gives their own view,各抒己见,VERB
合乎,to accord with,合乎,VERB
名誉,reputation,名誉,NOUN
后勤,logistics,后勤,NOUN
后顾之忧,worries about the rear,后顾之忧,NOUN
吝啬,stingy,吝啬,ADJ
吞咽,swallow,吞咽,VERB
否决,veto,否决,VERB
吩咐,order,吩咐,VERB
含糊,vague,含糊,ADJ
启程,to set out on a journey,启程,VERB
吹捧,to flatter,吹捧,VERB
告诫,to warn,告诫,VERB
告辞,to take leave,告辞,VERB
周密,thorough,周密,ADJ
周折,complication,周折,NOUN
周转,turnover,周转,NOUN
呻吟,moan,呻吟,VERB
呼吁,appeal,呼吁,VERB
呼啸,whistle,呼啸,VERB
咀嚼,chew,咀嚼,VERB
和睦,harmonious,和睦,ADJ
和蔼,amiable,和蔼,ADJ
和解,reconcile,和解,VERB
咬牙切齿,gnash one's teeth,咬牙切齿,VERB
品行,conduct,品行,NOUN
哆嗦,to tremble,哆嗦,VERB
哺乳,to breastfeed,哺乳,VERB
唯独,only,唯独,ADV
唾沫,spittle,唾沫,NOUN
喜闻乐见,well-received,喜闻乐见,ADJ
嗅觉,sense of smell,嗅觉,NOUN
嘈杂,noisy,嘈杂,ADJ
回避,avoid,回避,VERB
固执,stubborn,固执,ADJ
固有,inherent,固有,ADJ
固然,admittedly,固然,ADV
圈套,trap,圈套,NOUN
地势,terrain,地势,NOUN
地质,geology,地质,NOUN
坚实,solid,坚实,ADJ
坚韧,tough,坚韧,ADJ
垄断,monopoly,垄断,NOUN
埋伏,to ambush,埋伏,VERB
埋没,to bury,埋没,VERB
埋葬,to bury,埋葬,VERB
培育,to cultivate,培育,VERB
堕落,to degenerate,堕落,VERB
堤坝,dam,堤坝,NOUN
塑造,to shape,塑造,VERB
境界,realm,境界,NOUN
壮丽,magnificent,壮丽,ADJ
壮烈,heroic,壮烈,ADJ
声势,momentum,声势,NOUN
声称,to claim,声称,VERB
声誉,reputation,声誉,NOUN
处分,to discipline,处分,VERB
处境,plight,处境,NOUN
处置,to handle,处置,VERB
备忘录,memorandum,备忘录,NOUN
外行,layman,外行,NOUN
多元化,diversification,多元化,NOUN
大体,generally,大体,ADV
大肆,wantonly,大肆,ADV
天伦之乐,family happiness,天伦之乐,NOUN
失陪,excuse me,失陪,VERB
夹杂,to mix together (disparate substances),夹杂,VERB
奉献,to dedicate,奉献,VERB
奔波,to rush about,奔波,VERB
奠定,to establish,奠定,VERB
奢侈,luxurious,奢侈,ADJ
奥秘,secret,奥秘,NOUN
宣称,claim,宣称,VERB
坦承,confess,坦承,VERB
重申,reiterate,重申,VERB
陈述,state,陈述,VERB
阐述,expound,阐述,VERB
转述,retell,转述,VERB
引述,quote,引述,VERB
援引,quote,援引,VERB
论及,discuss,论及,VERB
论述,discourse,论述,VERB
论证,prove,论证,VERB
推断,infer,推断,VERB
推论,deduction,推论,NOUN
断言,assert,断言,VERB
敦促,urge,敦促,VERB
恳求,beg,恳求,VERB
哀求,implore,哀求,VERB
乞求,beg,乞求,VERB
诉说,narrate,诉说,VERB
控诉,accuse,控诉,VERB
谴责,condemn,谴责,VERB
申辩,defend,申辩,VERB
辩护,defend,辩护,VERB
辩解,justify,辩解,VERB
证伪,falsify,证伪,VERB
揭示,reveal,揭示,VERB
揭露,expose,揭露,VERB
揭发,expose,揭发,VERB
披露,disclose,披露,VERB
泄密,leak,泄密,VERB
暴露,expose,暴露,VERB
显露,reveal,显露,VERB
勾勒,outline,勾勒,VERB
刻画,portray,刻画,VERB
归纳,induce,归纳,VERB
概述,outline,概述,VERB
综述,review,综述,NOUN
剖析,dissect,剖析,VERB
解析,parse,解析,VERB
探究,investigate,探究,VERB
测定,determine,测定,VERB
预估,estimate,预估,VERB
预见,foresee,预见,VERB
假定,assume,假定,VERB
假说,hypothesis,假说,NOUN
假想,imagine,假想,VERB
演绎,deduce,演绎,VERB
演变,evolve,演变,VERB
变革,reform,变革,NOUN
演化,evolve,演化,VERB
演进,evolve,演进,VERB
促成,bring about,促成,VERB
致使,cause,致使,VERB
诱发,trigger,诱发,VERB
激起,provoke,激起,VERB
触发,trigger,触发,VERB
衍生,derive,衍生,VERB
派生,derive,派生,VERB
整合,integrate,整合,VERB
整顿,rectify,整顿,VERB
整治,remediate,整治,VERB
运转,operate,运转,VERB
落实,implement,落实,VERB
贯彻,carry out,贯彻,VERB
推行,implement,推行,VERB
施行,implement,施行,VERB
颁布,promulgate,颁布,VERB
宣誓,swear,宣誓,VERB
宣战,declare war,宣战,VERB
缔结,conclude,缔结,VERB
订立,establish,订立,VERB
缔约,conclude treaty,缔约,VERB
商讨,discuss,商讨,VERB
商议,discuss,商议,VERB
商定,agree,商定,VERB
议定,decide,议定,VERB
决议,resolution,决议,NOUN
决断,decide,决断,VERB
判定,determine,判定,VERB
裁定,rule,裁定,VERB
裁决,adjudicate,裁决,VERB
审理,hear,审理,VERB
审计,audit,审计,NOUN
监听,wiretap,监听,VERB
评议,review,评议,VERB
评审,review,评审,VERB
鉴定,appraise,鉴定,VERB
鉴别,identify,鉴别,VERB
沉思,ponder,沉思,VERB
构思,conceive,构思,VERB
畅想,envision,畅想,VERB
创设,create,创设,VERB
开拓,open up,开拓,VERB
扩张,expand,扩张,VERB
膨胀,expand,膨胀,VERB
收缩,shrink,收缩,VERB
萎缩,shrink,萎缩,VERB
侧重,emphasize,侧重,VERB
力求,strive,力求,VERB
渴求,crave,渴求,VERB
探求,seek,探求,VERB
谋求,seek,谋求,VERB
竭力,do one's best,竭力,ADV
竭尽,exhaust,竭尽,VERB
倾注,pour into,倾注,VERB
偏袒,favor,偏袒,VERB
成见,prejudice,成见,NOUN
偏颇,biased,偏颇,ADJ
公允,fair,公允,ADJ
合规,compliant,合规,ADJ
违约,breach contract,违约,VERB
违抗,disobey,违抗,VERB
遵循,follow,遵循,VERB
遵照,comply,遵照,VERB
借贷,borrow,借贷,VERB
债务,debt,债务,NOUN
债权人,creditor,债权人,NOUN
债务人,debtor,债务人,NOUN
抵押,mortgage,抵押,VERB
投保,insure,投保,VERB
索赔,claim,索赔,VERB
拖欠,default,拖欠,VERB
赖账,default,赖账,VERB
账目,account,账目,NOUN
盘点,inventory,盘点,VERB
文献,literature,文献,NOUN
备案,record,备案,VERB
立案,file a case,立案,VERB
结案,close a case,结案,VERB
案发,crime occur,案发,VERB
证物,exhibit,证物,NOUN
证词,testimony,证词,NOUN
证言,testimony,证言,NOUN
鉴于,given that,鉴于,SCONJ
加之,moreover,加之,ADV
故而,therefore,故而,ADV
纵然,even if,纵然,SCONJ
纵使,even if,纵使,SCONJ
任凭,regardless,任凭,SCONJ
不拘,no matter,不拘,SCONJ
以期,in order to,以期,SCONJ
以防,in case,以防,SCONJ
切勿,do not,切勿,ADV
切记,remember,切记,VERB
切忌,avoid,切忌,VERB
恳请,earnestly request,恳请,VERB
敬请,kindly,敬请,VERB
烦请,kindly,烦请,VERB
央求,beg,央求,VERB
乞讨,beg,乞讨,VERB
募捐,raise donations,募捐,VERB
募集,raise,募集,VERB
筹集,raise,筹集,VERB
筹措,raise,筹措,VERB
筹备,prepare,筹备,VERB
筹划,plan,筹划,VERB
谋划,plan,谋划,VERB
谋略,strategy,谋略,NOUN
战术,tactics,战术,NOUN
部署,deploy,部署,VERB
统筹,coordinate,统筹,VERB
协同,coordinate,协同,VERB
联动,linkage,联动,VERB
联席,joint,联席,ADJ
反之亦然,vice versa,反之亦然,ADV
换言之,in other words,换言之,ADV
综上所述,in summary,综上所述,ADV
归根结底,in the final analysis,归根结底,ADV
论据,argument,论据,NOUN
求见,to seek audience,求见,VERB
怪罪,to blame,怪罪,VERB
药池,medicine pool,药池,NOUN
痊,to heal,痊,VERB
境地,predicament,境地,NOUN
联姻,to intermarry,联姻,VERB
贸然,rashly,贸然,ADV
连累,to implicate,连累,VERB
失敬,to apologize,失敬,VERB
动气,to get angry,动气,VERB
胆敢,to dare,胆敢,VERB
逢,to meet,逢,VERB
坠落,to fall,坠落,VERB
功臣,hero,功臣,NOUN
落得,to end up,落得,VERB
顽抗,defiant,顽抗,ADJ
服侍,service,服侍,NOUN
险境,peril,险境,NOUN
耽搁,to delay,耽搁,VERB
莫非,is it possible that,莫非,ADV
蹊跷,strange,蹊跷,ADJ
做派,behavior,做派,NOUN
难不成,could it be,难不成,ADV
亲情,family affection,亲情,NOUN
赡养,support aged parents,赡养,VERB
舆论,public opinion,舆论,NOUN
炒作,hype,炒作,NOUN
潮流,trend,潮流,NOUN
热搜,trending search,热搜,NOUN
爆款,bestseller,爆款,NOUN
口碑,reputation,口碑,NOUN
领土,territory,领土,NOUN
弹劾,impeach,弹劾,VERB
传唤,summon,传唤,VERB
收购,acquire,收购,VERB
绩效,performance,绩效,NOUN
畅销,bestselling,畅销,ADJ
水电,hydro power,水电,NOUN
酸雨,acid rain,酸雨,NOUN
账号,account,账号,NOUN
物流,logistics,物流,NOUN
操作,operation,操作,NOUN
转正,become a permanent employee,转正,VERB
待业,await employment,待业,VERB
促销,sales promotion,促销,NOUN
车贷,car loan,车贷,NOUN
业主,property owner,业主,NOUN
水费,water bill,水费,NOUN
配送,delivery service,配送,NOUN
客服,customer service,客服,NOUN
受理,accept and handle,受理,VERB
停业,suspend business,停业,VERB
熊市,bear market,熊市,NOUN
月薪,monthly salary,月薪,NOUN
医保,medical insurance,医保,NOUN
竞聘,compete for a post,竞聘,VERB
佛系,zen about everything,佛系,ADJ
肄业,leave school unfinished,肄业,VERB
绩点,grade point average,绩点,NOUN
家教,tutoring,家教,NOUN
课件,lecture slides,课件,NOUN
跟读,repeat after audio,跟读,VERB
搭配,collocation,搭配,NOUN
批改,correct homework,批改,VERB
择校,choose a school,择校,VERB
闭卷,closed-book,闭卷,ADJ
奥数,olympiad math,奥数,NOUN
情商,EQ,情商,NOUN
旷课,skip class,旷课,VERB
学籍,student status,学籍,NOUN
随和,easygoing,随和,ADJ
计较,quibble over,计较,VERB
老练,seasoned,老练,ADJ
草率,slapdash,草率,ADJ
将就,make do,将就,VERB
暖心,heartwarming,暖心,ADJ
折腾,toss about,折腾,VERB
高明,brilliant,高明,ADJ
晦涩,obscure,晦涩,ADJ
土气,unfashionable,土气,ADJ
面子,face,面子,NOUN
显摆,show off,显摆,VERB
高调,high-profile,高调,ADJ
古板,old-fashioned,古板,ADJ
迟钝,dull-witted,迟钝,ADJ
淘气,naughty,淘气,ADJ
顿时,at once,顿时,ADV
齐声,in unison,齐声,ADV
暂且,for now,暂且,ADV
至多,at the most,至多,ADV
隐约,indistinct,隐约,ADJ
径直,straight,径直,ADV
照样,just as before,照样,ADV
截然,utterly,截然,ADV
难免,hard to avoid,难免,ADV
乃至,even,乃至,CCONJ
自身,oneself,自身,PRON
得以,be able to,得以,AUX
何苦,why bother,何苦,ADV
辈分,generation seniority,辈分,NOUN
亲缘,kinship,亲缘,NOUN
彩礼,betrothal gift,彩礼,NOUN
丁克,childfree,丁克,NOUN
家风,family tradition,家风,NOUN
乡愁,nostalgia,乡愁,NOUN
乡音,hometown accent,乡音,NOUN
赶集,go to market,赶集,VERB
下厨,cook at home,下厨,VERB
夜宵,late-night snack,夜宵,NOUN
旧货,second-hand goods,旧货,NOUN
刷卡,swipe a card,刷卡,VERB
缺货,shortage,缺货,NOUN
复诊,return visit,复诊,VERB
理疗,physiotherapy,理疗,NOUN
抓药,fill a prescription,抓药,VERB
退烧,bring down a fever,退烧,VERB
杀菌,sterilize,杀菌,VERB
老花,presbyopia,老花,NOUN
产科,obstetrics,产科,NOUN
急性,acute,急性,ADJ
补品,tonic,补品,NOUN
烂片,bad movie,烂片,NOUN
特技,stunt,特技,NOUN
翻拍,reshoot,翻拍,VERB
影评,film review,影评,NOUN
复出,comeback,复出,VERB
彩排,rehearsal,彩排,NOUN
合唱,chorus,合唱,VERB
乐坛,music scene,乐坛,NOUN
作曲,compose music,作曲,VERB
场次,showing time,场次,NOUN
好戏,good show,好戏,NOUN
黑粉,anti-fan,黑粉,NOUN
掉粉,lose followers,掉粉,VERB
命脉,lifeblood,命脉,NOUN
短处,shortcoming,短处,NOUN
隐衷,hidden sorrow,隐衷,NOUN
窝火,be inwardly furious,窝火,ADJ
受气,get picked on,受气,VERB
挨宰,be ripped off,挨宰,VERB
平价,economy price,平价,ADJ
本钱,capital,本钱,NOUN
